id,area,area_code,requirement,classification,source_type,sources,access_date,status,open_items,impact,phases,is_discrepancy,precedence
MZ-001,obavezna dokumentacija,mandatory_documents,Prijava mora da sadrži: 1) zahtev za priznanje prava na industrijski dizajn; 2) opis industrijskog dizajna; 3) dvodimenzionalni prikaz industrijskog dizajna.,PRAVNI ZAHTEV,DOCUMENT,"Z-06 | Zakon o pravnoj zaštiti industrijskog dizajna („Sl. glasnik RS"" 104/2009, 45/2015, 44/2018 – dr. zakon) | https://www.paragraf.rs/propisi/zakon_o_pravnoj_zastiti_industrijskog_dizajna.html | čl. 18 st. 3",2026-10-06,POTVRĐENO,,Tri bitna dela prijave panela; nijedan se ne može izostaviti.,8;10,false,
MZ-002,obavezna dokumentacija,mandatory_documents,"Prijava je uredna ako sadrži sve elemente iz čl. 19, 20 i 21 Zakona, dokaz o uplati takse za prijavu i druge propisane delove (čl. 8–13 Uredbe).",PRAVNI ZAHTEV,DOCUMENT,"Z-06 | Zakon o pravnoj zaštiti industrijskog dizajna („Sl. glasnik RS"" 104/2009, 45/2015, 44/2018 – dr. zakon) | https://www.paragraf.rs/propisi/zakon_o_pravnoj_zastiti_industrijskog_dizajna.html | čl. 29 st. 1 || Z-08 | Metodologija postupanja ZIS-a u postupku za priznanje prava na industrijski dizajn (2012) | https://www.zis.gov.rs/wp-content/uploads/metodologija-dizajn-2012.pdf | str. 20–21",2026-10-06,POTVRĐENO,,"Kontrolna lista urednosti za finalni paket; neuredna prijava se poziva na uređenje, a neuređena odbacuje.",9;10,false,
MZ-003,obavezna dokumentacija,mandatory_documents,"Datum podnošenja priznaje se ako prijava sadrži: 1) naznačenje da se traži priznanje prava na industrijski dizajn; 2) ime i prezime, odnosno naziv i adresu podnosioca; 3) prikaz.",PRAVNI ZAHTEV,DOCUMENT,"Z-06 | Zakon o pravnoj zaštiti industrijskog dizajna („Sl. glasnik RS"" 104/2009, 45/2015, 44/2018 – dr. zakon) | https://www.paragraf.rs/propisi/zakon_o_pravnoj_zastiti_industrijskog_dizajna.html | čl. 23 st. 1 || Z-01 | ZIS — Industrijski dizajn (web stranica) | https://www.zis.gov.rs/prava/dizajn/ | „Postupak zaštite""",2026-10-06,POTVRĐENO,,Minimum za obezbeđivanje datuma podnošenja (od njega zavise pravo prvenstva i računanje 12-mesečnog perioda iz čl. 7 st. 3).,6;10,false,
MZ-004,obavezna dokumentacija,mandatory_documents,Za priznanje datuma podnošenja dovoljno je da je priložen prikaz; formalni zahtevi za prikaz proveravaju se tek u ispitivanju urednosti.,ČINJENICA,ZIS,Z-08 | Metodologija postupanja ZIS-a u postupku za priznanje prava na industrijski dizajn (2012) | https://www.zis.gov.rs/wp-content/uploads/metodologija-dizajn-2012.pdf | str. 20,2026-10-06,POTVRĐENO,,"Ako se prijava mora hitno podneti (npr. zbog roka prvenstva), datum se može obezbediti i pre konačnog usklađivanja prikaza — ali prikaz se kasnije ne sme bitno menjati (MZ-031).",6;10,false,
MZ-005,obavezna dokumentacija,mandatory_documents,"Uredna prijava sadrži: zahtev, opis, prikaz, punomoćje (ako postoji punomoćnik) i dokaz o uplati takse; po potrebi i prioritetno uverenje, potvrdu o izlaganju i dokaz o pravnom osnovu ako autor nije podnosilac.",ČINJENICA,ZIS,"Z-01 | ZIS — Industrijski dizajn (web stranica) | https://www.zis.gov.rs/prava/dizajn/ | „Podnošenje prijave"" / „Koji su delovi prijave""",2026-10-06,POTVRĐENO,,Spisak delova finalnog paketa prijave panela.,10,false,
MZ-006,obavezna dokumentacija,mandatory_documents,"Zahtev se podnosi na obrascu D-1, u dva primerka.",PRAVNI ZAHTEV,DOCUMENT,"Z-07 | Uredba o sadržini registra prijava i registra industrijskog dizajna… („Sl. glasnik RS"" 43/2010, 44/2018 – dr. zakon) | https://www.paragraf.rs/propisi/uredba_o_sadrzini_registra_prijava_i_registra_industrijskog_dizajna.html | čl. 8 st. 3 || Z-05 | Uputstvo „Sastavljanje i podnošenje prijave za priznanje prava na industrijski dizajn"" (2016, sa primerom BOCE) | https://www.zis.gov.rs/wp-content/uploads/uputstvo-novo-PDF.pdf | str. 2, tač. 1",2026-10-06,POTVRĐENO,,Finalni paket u papirnoj varijanti sadrži dva odštampana i potpisana D-1.,10,false,
NS-01,obavezna dokumentacija,mandatory_documents,"NEUSKLAĐENOST — minimalni elementi za upis u registar prijava. Uputstvo (2016) traži: 2 primerka zahteva, najmanje 1 prikaz, 1 primerak opisa, potpis i pečat. Zakon čl. 23 traži samo: naznačenje da se traži pravo, podatke o podnosiocu i prikaz (isto i ZIS web stranica).",ČINJENICA,ZIS,"Z-05 | Uputstvo „Sastavljanje i podnošenje prijave za priznanje prava na industrijski dizajn"" (2016, sa primerom BOCE) | https://www.zis.gov.rs/wp-content/uploads/uputstvo-novo-PDF.pdf | str. 9–10, „Važne napomene"" || Z-06 | Zakon o pravnoj zaštiti industrijskog dizajna („Sl. glasnik RS"" 104/2009, 45/2015, 44/2018 – dr. zakon) | https://www.paragraf.rs/propisi/zakon_o_pravnoj_zastiti_industrijskog_dizajna.html | čl. 23 st. 1 || Z-01 | ZIS — Industrijski dizajn (web stranica) | https://www.zis.gov.rs/prava/dizajn/ | „Postupak zaštite""",2026-10-06,POTVRĐENO,,"Za datum podnošenja merodavan je Zakon. Ipak, prijavu panela treba podneti kompletnu (PREPORUKA), pa razlika praktično ne utiče na paket.",9;10,true,Zakon (viši pravni akt i noviji od Uputstva iz 2016); ZIS web stranica je usklađena sa Zakonom.
NS-02,obavezna dokumentacija,mandatory_documents,NEUSKLAĐENOST — verzije izvora. Uputstvo (2016) ne pominje izmenu Zakona 44/2018; Metodologija (2012) prethodi izmenama iz 2015. i 2018. Da li postoje izmene Zakona posle 44/2018 nije potvrđeno u zvaničnom PIS-u.,ČINJENICA,ZIS,"Z-05 | Uputstvo „Sastavljanje i podnošenje prijave za priznanje prava na industrijski dizajn"" (2016, sa primerom BOCE) | https://www.zis.gov.rs/wp-content/uploads/uputstvo-novo-PDF.pdf | metapodaci PDF, str. 2 || Z-08 | Metodologija postupanja ZIS-a u postupku za priznanje prava na industrijski dizajn (2012) | https://www.zis.gov.rs/wp-content/uploads/metodologija-dizajn-2012.pdf | str. 2 || Z-06 | Zakon o pravnoj zaštiti industrijskog dizajna („Sl. glasnik RS"" 104/2009, 45/2015, 44/2018 – dr. zakon) | https://www.paragraf.rs/propisi/zakon_o_pravnoj_zastiti_industrijskog_dizajna.html | zaglavlje propisa",2026-10-06,NEPROVERENO – potrebno potvrditi sa ZIS-om ili registrovanim zastupnikom.,P-01,Svaki zahtev iz Uputstva i Metodologije proverava se prema važećem Zakonu i Uredbi; pre podnošenja potvrditi da nema novijih izmena (P-01).,9;10,true,Važeći tekst Zakona i Uredbe ispred Uputstva i Metodologije.
MZ-010,način podnošenja,filing_method,"Prijava se podnosi nadležnom organu u pisanom obliku, neposredno ili poštom.",PRAVNI ZAHTEV,DOCUMENT,"Z-06 | Zakon o pravnoj zaštiti industrijskog dizajna („Sl. glasnik RS"" 104/2009, 45/2015, 44/2018 – dr. zakon) | https://www.paragraf.rs/propisi/zakon_o_pravnoj_zastiti_industrijskog_dizajna.html | čl. 18 st. 2",2026-10-06,POTVRĐENO,,Papirni kanal je zakonski osnovni način podnošenja.,6;10,false,
MZ-011,način podnošenja,filing_method,"Prijava se može podneti poštom, elektronski ili neposredno u pisarnici ZIS-a; ne može se podneti faksom. Uređenoj prijavi dodeljuje se D-broj i datum podnošenja.",ČINJENICA,ZIS,"Z-01 | ZIS — Industrijski dizajn (web stranica) | https://www.zis.gov.rs/prava/dizajn/ | „Podnošenje prijave""",2026-10-06,POTVRĐENO,,Podnosilac bira između papirnog i elektronskog kanala; faks i e-mail nisu dozvoljeni.,6;10,false,
MZ-012,način podnošenja,filing_method,"Elektronski podneta prijava ima isto dejstvo kao prijava podneta u papirnoj formi. Za e-Prijavu je potreban kvalifikovani elektronski sertifikat (npr. lična karta MUP, JP Pošta, PKS, Halcom, E-Smart).",ČINJENICA,ZIS,"Z-13 | ZIS — e-Prijava (stranica i Korisničko uputstvo 2018) | https://www.zis.gov.rs/e-prijava/ | stranica e-Prijava; Korisničko uputstvo 2018, tehnički preduslovi",2026-10-06,POTVRĐENO,,"Ako se bira e-Prijava, podnosilac ili zastupnik mora imati kvalifikovani sertifikat (pitanje za intervju).",3;6;10,false,
MZ-013,način podnošenja,filing_method,e-Prijava podneta radnim danom do 15:30 smatra se podnetom istog dana; posle 15:30 ili neradnim danom — prvog narednog radnog dana.,ČINJENICA,ZIS,"Z-13 | ZIS — e-Prijava (stranica i Korisničko uputstvo 2018) | https://www.zis.gov.rs/e-prijava/ | „Kada je prijava podneta Zavodu""",2026-10-06,POTVRĐENO,,"Važno za poslednji dan roka prvenstva ili 12-mesečnog perioda (MZ-161, MZ-162, MZ-174).",6;10,false,
MZ-014,način podnošenja,filing_method,"Adresa za podnošenje: Zavod za intelektualnu svojinu, Kneginje Ljubice 5, 11000 Beograd. Obrazac D-1 popunjava se na računaru.",ČINJENICA,ZIS,"Z-04 | Obrazac D-1 — Zahtev za priznanje prava na industrijski dizajn | https://www.zis.gov.rs/wp-content/uploads/D-1-zahtev-za-priznanje-dizajn.docx | zaglavlje obrasca || Z-05 | Uputstvo „Sastavljanje i podnošenje prijave za priznanje prava na industrijski dizajn"" (2016, sa primerom BOCE) | https://www.zis.gov.rs/wp-content/uploads/uputstvo-novo-PDF.pdf | str. 2",2026-10-06,POTVRĐENO,,Podaci za checklistu papirnog podnošenja.,10,false,
MZ-015,način podnošenja,filing_method,"e-Prijava je „sanduče"" za predaju; ne služi za praćenje toka predmeta (za to služi „Status predmeta""). Posle podnošenja status se menja iz „podneto"" u „zavedeno"" i stiže e-mail potvrda.",ČINJENICA,ZIS,"Z-13 | ZIS — e-Prijava (stranica i Korisničko uputstvo 2018) | https://www.zis.gov.rs/e-prijava/ | „Kako da znam da li je moja elektronska prijava primljena""",2026-10-06,POTVRĐENO,,Uputstvo podnosiocu za praćenje posle podnošenja.,10,false,
NS-03,način podnošenja,filing_method,"NEUSKLAĐENOST — papirno i elektronsko podnošenje. Zakon (čl. 18), Uredba (čl. 11–13), Uputstvo (2016) i Metodologija (str. 14, 19) opisuju samo papirno podnošenje („neposredno ili poštom"", lepljenje prikaza na A4; Metodologija: „za sada ne postoji pravni osnov za podnošenje podnesaka preko e-maila""). ZIS danas zvanično prima e-Prijavu i daje umanjenje takse od 25%.",ČINJENICA,ZIS,"Z-06 | Zakon o pravnoj zaštiti industrijskog dizajna („Sl. glasnik RS"" 104/2009, 45/2015, 44/2018 – dr. zakon) | https://www.paragraf.rs/propisi/zakon_o_pravnoj_zastiti_industrijskog_dizajna.html | čl. 18 st. 2 || Z-08 | Metodologija postupanja ZIS-a u postupku za priznanje prava na industrijski dizajn (2012) | https://www.zis.gov.rs/wp-content/uploads/metodologija-dizajn-2012.pdf | str. 14, 19 || Z-13 | ZIS — e-Prijava (stranica i Korisničko uputstvo 2018) | https://www.zis.gov.rs/e-prijava/ | stranica e-Prijava || Z-09 | ZIS — Takse, odeljak Industrijski dizajn | https://www.zis.gov.rs/prava/takse/ | Tar. br. 107, napomena o e-podnošenju",2026-10-06,NEPROVERENO – potrebno potvrditi sa ZIS-om ili registrovanim zastupnikom.,N-01,"E-kanal se koristi kao zvanično ponuđen od ZIS-a, ali tehnički format prikaza za e-Prijavu nije poznat (N-01) — to blokira planiranje digitalnih prikaza dok se ne dostavi.",6;7;10,true,"AI ZAKLJUČAK: ZIS kao nadležni organ zvanično nudi e-Prijavu i Tarifa predviđa umanjenje za e-podnošenje, pa se kanal smatra dostupnim; pravni osnov e-podnošenja nije analiziran."
MZ-020,prikazi,representations,Prikazom se predstavlja spoljašnji izgled predmeta zaštite i njegovi delovi koji se vide stalno ili prilikom redovne upotrebe; u prikazu moraju jasno da se predstave svi elementi koji dizajn čine novim.,PRAVNI ZAHTEV,DOCUMENT,"Z-06 | Zakon o pravnoj zaštiti industrijskog dizajna („Sl. glasnik RS"" 104/2009, 45/2015, 44/2018 – dr. zakon) | https://www.paragraf.rs/propisi/zakon_o_pravnoj_zastiti_industrijskog_dizajna.html | čl. 21 st. 1–2",2026-10-06,POTVRĐENO,,"Svaka karakteristika panela koja se ističe u opisu (npr. ivice, profil, završni sloj) mora biti jasno vidljiva na prikazima.",7;8;9,false,
MZ-021,prikazi,representations,Prikaz može biti fotografija ili nacrt i mora ispunjavati propisane uslove kvaliteta i tehničkih karakteristika.,PRAVNI ZAHTEV,DOCUMENT,"Z-06 | Zakon o pravnoj zaštiti industrijskog dizajna („Sl. glasnik RS"" 104/2009, 45/2015, 44/2018 – dr. zakon) | https://www.paragraf.rs/propisi/zakon_o_pravnoj_zastiti_industrijskog_dizajna.html | čl. 21 st. 3",2026-10-06,POTVRĐENO,,"Izbor medija (fotografija, render, linijski nacrt) donosi se u fazi plana prikaza.",7,false,
MZ-022,prikazi,representations,"Prikaz se podnosi u dva istovetna primerka: jedan se lepi ili unosi računarom na A4 uz zahtev, drugi se dostavlja odvojeno.",PRAVNI ZAHTEV,DOCUMENT,"Z-07 | Uredba o sadržini registra prijava i registra industrijskog dizajna… („Sl. glasnik RS"" 43/2010, 44/2018 – dr. zakon) | https://www.paragraf.rs/propisi/uredba_o_sadrzini_registra_prijava_i_registra_industrijskog_dizajna.html | čl. 11 st. 1",2026-10-06,POTVRĐENO,,Format papirnog paketa prikaza.,7;10,false,
MZ-023,prikazi,representations,"Prikaz sadrži samo predmet zaštite i ne sme sadržati drugi predmet, pripadak, lice ili životinju.",PRAVNI ZAHTEV,DOCUMENT,"Z-07 | Uredba o sadržini registra prijava i registra industrijskog dizajna… („Sl. glasnik RS"" 43/2010, 44/2018 – dr. zakon) | https://www.paragraf.rs/propisi/uredba_o_sadrzini_registra_prijava_i_registra_industrijskog_dizajna.html | čl. 11 st. 2 || Z-05 | Uputstvo „Sastavljanje i podnošenje prijave za priznanje prava na industrijski dizajn"" (2016, sa primerom BOCE) | https://www.zis.gov.rs/wp-content/uploads/uputstvo-novo-PDF.pdf | str. 4–5",2026-10-06,POTVRĐENO,,"AI ZAKLJUČAK: panel se prikazuje samostalno — bez zgrade, susednih panela, alata ili pribora za montažu.",7;9,false,
MZ-024,prikazi,representations,Prikaz (fotografija ili nacrt) ne može biti veći od 16 × 16 cm.,PRAVNI ZAHTEV,DOCUMENT,"Z-07 | Uredba o sadržini registra prijava i registra industrijskog dizajna… („Sl. glasnik RS"" 43/2010, 44/2018 – dr. zakon) | https://www.paragraf.rs/propisi/uredba_o_sadrzini_registra_prijava_i_registra_industrijskog_dizajna.html | čl. 11 st. 3",2026-10-06,POTVRĐENO,,Granica formata za svaki prikaz.,7,false,
MZ-025,prikazi,representations,Prikaz ne može biti manji od 3 × 3 cm; može biti crno-beli ili u boji.,ČINJENICA,ZIS,Z-08 | Metodologija postupanja ZIS-a u postupku za priznanje prava na industrijski dizajn (2012) | https://www.zis.gov.rs/wp-content/uploads/metodologija-dizajn-2012.pdf | str. 31,2026-10-06,NEPROVERENO – potrebno potvrditi sa ZIS-om ili registrovanim zastupnikom.,N-01,"Navedeno samo u Metodologiji (2012), ne i u Uredbi. Boja je važna ako je boja završnog sloja deo dizajna.",7,false,
MZ-026,prikazi,representations,"Ako se jednom fotografijom ili nacrtom ne mogu prikazati sva nova spoljna obeležja, dostavlja se onoliko prikaza koliko je neophodno; fiksan skup pogleda nije propisan.",PRAVNI ZAHTEV,DOCUMENT,"Z-07 | Uredba o sadržini registra prijava i registra industrijskog dizajna… („Sl. glasnik RS"" 43/2010, 44/2018 – dr. zakon) | https://www.paragraf.rs/propisi/uredba_o_sadrzini_registra_prijava_i_registra_industrijskog_dizajna.html | čl. 11 st. 4 || Z-08 | Metodologija postupanja ZIS-a u postupku za priznanje prava na industrijski dizajn (2012) | https://www.zis.gov.rs/wp-content/uploads/metodologija-dizajn-2012.pdf | str. 31–32",2026-10-06,POTVRĐENO,,Broj pogleda panela određuje se prema tome koje karakteristike treba pokazati (faza 7).,7,false,
MZ-027,prikazi,representations,"Prikazi se numerišu sa dva broja razdvojena tačkom (1.1, 1.2…); kod više predmeta zaštite 2.1, 2.2… Na zahtevu numeracija je na licu prikaza, na drugom primerku na poleđini.",PRAVNI ZAHTEV,DOCUMENT,"Z-07 | Uredba o sadržini registra prijava i registra industrijskog dizajna… („Sl. glasnik RS"" 43/2010, 44/2018 – dr. zakon) | https://www.paragraf.rs/propisi/uredba_o_sadrzini_registra_prijava_i_registra_industrijskog_dizajna.html | čl. 11 st. 5–6",2026-10-06,POTVRĐENO,,Pravilo numeracije za indeks prikaza i za pozivanje u opisu.,7;8,false,
MZ-028,prikazi,representations,"Prikazi se lepe po rednom broju na A4; najviše 20 prikaza po strani, margina najmanje 5 mm oko svakog, prikazi se ne savijaju.",PRAVNI ZAHTEV,DOCUMENT,"Z-07 | Uredba o sadržini registra prijava i registra industrijskog dizajna… („Sl. glasnik RS"" 43/2010, 44/2018 – dr. zakon) | https://www.paragraf.rs/propisi/uredba_o_sadrzini_registra_prijava_i_registra_industrijskog_dizajna.html | čl. 11 st. 7",2026-10-06,POTVRĐENO,,Raspored listova sa prikazima u papirnom paketu.,7;10,false,
MZ-029,prikazi,representations,"Fotografije: profesionalnog kvaliteta, bez podloge, ravnih uglova, predmet na neutralnoj jednobojnoj osnovi i bez senki. Nisu dozvoljene instant, retuširane, za ofset nepodobne fotografije i fotokopije.",PRAVNI ZAHTEV,DOCUMENT,"Z-07 | Uredba o sadržini registra prijava i registra industrijskog dizajna… („Sl. glasnik RS"" 43/2010, 44/2018 – dr. zakon) | https://www.paragraf.rs/propisi/uredba_o_sadrzini_registra_prijava_i_registra_industrijskog_dizajna.html | čl. 12 || Z-05 | Uputstvo „Sastavljanje i podnošenje prijave za priznanje prava na industrijski dizajn"" (2016, sa primerom BOCE) | https://www.zis.gov.rs/wp-content/uploads/uputstvo-novo-PDF.pdf | str. 4",2026-10-06,POTVRĐENO,,AI ZAKLJUČAK: tekstura završnog sloja mora biti čitljiva bez senki — zahtevno za fotografisanje; razmatra se u fazi 7.,7,false,
MZ-030,prikazi,representations,"Nacrt: profesionalnog kvaliteta, u perspektivi, sa dozvoljenim senkama i senčenjem radi reljefa. Ne sme biti tehnički crtež u projekcijama i preseku sa osnim linijama i dimenzijama, niti sadržati objašnjenja ili legende.",PRAVNI ZAHTEV,DOCUMENT,"Z-07 | Uredba o sadržini registra prijava i registra industrijskog dizajna… („Sl. glasnik RS"" 43/2010, 44/2018 – dr. zakon) | https://www.paragraf.rs/propisi/uredba_o_sadrzini_registra_prijava_i_registra_industrijskog_dizajna.html | čl. 13 || Z-05 | Uputstvo „Sastavljanje i podnošenje prijave za priznanje prava na industrijski dizajn"" (2016, sa primerom BOCE) | https://www.zis.gov.rs/wp-content/uploads/uputstvo-novo-PDF.pdf | str. 4 || Z-08 | Metodologija postupanja ZIS-a u postupku za priznanje prava na industrijski dizajn (2012) | https://www.zis.gov.rs/wp-content/uploads/metodologija-dizajn-2012.pdf | str. 33",2026-10-06,POTVRĐENO,,"Profil ivica panela ne sme se prikazati presekom, kotama ni legendama; postojeći proizvodni crteži nisu automatski upotrebljivi kao prikaz.",7;9,false,
MZ-031,prikazi,representations,Prikaz se u prijavi ne može naknadno izmeniti tako da se po obimu i sadržini bitno razlikuje od onog određenog opisom dostavljenim pri podnošenju.,PRAVNI ZAHTEV,DOCUMENT,"Z-06 | Zakon o pravnoj zaštiti industrijskog dizajna („Sl. glasnik RS"" 104/2009, 45/2015, 44/2018 – dr. zakon) | https://www.paragraf.rs/propisi/zakon_o_pravnoj_zastiti_industrijskog_dizajna.html | čl. 27 || Z-01 | ZIS — Industrijski dizajn (web stranica) | https://www.zis.gov.rs/prava/dizajn/ | FAQ „Da li se može naknadno izmeniti prikaz""",2026-10-06,POTVRĐENO,,Prikazi i opis panela moraju biti konačni i međusobno usklađeni pre podnošenja.,7;8;9,false,
MZ-032,prikazi,representations,"Primer BOCE (ZIS): četiri senčena prikaza bez kota i teksta — 1.1 perspektiva, 1.2 pogled spreda, 1.3 pogled odozdo, 1.4 pogled odozgo.",ČINJENICA,ZIS,"Z-05 | Uputstvo „Sastavljanje i podnošenje prijave za priznanje prava na industrijski dizajn"" (2016, sa primerom BOCE) | https://www.zis.gov.rs/wp-content/uploads/uputstvo-novo-PDF.pdf | str. 6–8 (prikazi na str. 8)",2026-10-06,POTVRĐENO,,"Polazni šablon za plan prikaza panela, na koji je ZIS izričito uputio u e-mailu.",7,false,
MZ-033,prikazi,representations,Primer KORPE ZA OTPATKE (Metodologija): šest prikaza — dve perspektive (odozgo i odozdo) i četiri pogleda.,ČINJENICA,ZIS,Z-08 | Metodologija postupanja ZIS-a u postupku za priznanje prava na industrijski dizajn (2012) | https://www.zis.gov.rs/wp-content/uploads/metodologija-dizajn-2012.pdf | str. 34–35,2026-10-06,POTVRĐENO,,Drugi zvanični primer skupa pogleda; pokazuje da je dozvoljeno više perspektiva.,7,false,
NS-04,prikazi,representations,"NEUSKLAĐENOST — perspektiva i ortogonalni pogledi. Uredba čl. 13 i Uputstvo str. 4 traže nacrt „u perspektivi"" i zabranjuju crtež „u projekcijama i preseku""; Metodologija str. 33 dozvoljava „po potrebi u projekcijama""; primer BOCE sadrži senčene ortogonalne poglede (spreda, odozdo, odozgo).",ČINJENICA,ZIS,"Z-07 | Uredba o sadržini registra prijava i registra industrijskog dizajna… („Sl. glasnik RS"" 43/2010, 44/2018 – dr. zakon) | https://www.paragraf.rs/propisi/uredba_o_sadrzini_registra_prijava_i_registra_industrijskog_dizajna.html | čl. 13 || Z-05 | Uputstvo „Sastavljanje i podnošenje prijave za priznanje prava na industrijski dizajn"" (2016, sa primerom BOCE) | https://www.zis.gov.rs/wp-content/uploads/uputstvo-novo-PDF.pdf | str. 4 i str. 8 || Z-08 | Metodologija postupanja ZIS-a u postupku za priznanje prava na industrijski dizajn (2012) | https://www.zis.gov.rs/wp-content/uploads/metodologija-dizajn-2012.pdf | str. 33",2026-10-06,NEPROVERENO – potrebno potvrditi sa ZIS-om ili registrovanim zastupnikom.,P-05,Za panel su verovatno potrebni pogledi na ivice; da li su senčeni ortogonalni pogledi bez kota prihvatljivi kao nacrt — P-05.,7;9,true,"Uredba je pravno obavezujuća; AI ZAKLJUČAK: zvanični ZIS primer i Metodologija ukazuju da je zabranjen kotirani tehnički crtež i presek, a ne senčeni pogled."
NS-05,prikazi,representations,"NEUSKLAĐENOST — digitalni prikazi. Uredba čl. 12 traži fotografije „dobijene na osnovu negativa ili dijapozitiva"" i lepljenje na A4; Korisničko uputstvo e-Prijave (2018) daje format samo za sliku žiga (JPEG, do 2 MB), ne za prikaz dizajna.",ČINJENICA,ZIS,"Z-07 | Uredba o sadržini registra prijava i registra industrijskog dizajna… („Sl. glasnik RS"" 43/2010, 44/2018 – dr. zakon) | https://www.paragraf.rs/propisi/uredba_o_sadrzini_registra_prijava_i_registra_industrijskog_dizajna.html | čl. 11–12 || Z-13 | ZIS — e-Prijava (stranica i Korisničko uputstvo 2018) | https://www.zis.gov.rs/e-prijava/ | Korisničko uputstvo 2018, odeljak o prilozima",2026-10-06,NEPROVERENO – potrebno potvrditi sa ZIS-om ili registrovanim zastupnikom.,N-01,"Tehnički format digitalnih prikaza panela (format, rezolucija, veličina) nije poznat — N-01 blokira konačnu pripremu prikaza za e-Prijavu.",7;10,true,"Uredba; AI ZAKLJUČAK: zahtev za negativ/dijapozitiv je zastareo u odnosu na digitalnu fotografiju, ali ga do potvrde ne treba smatrati ukinutim."
MZ-040,opis,description,Opis sadrži precizan i sažet opis bitnih karakteristika onih elemenata koji dizajn čine novim i različitim od dizajna dostupnih javnosti.,PRAVNI ZAHTEV,DOCUMENT,"Z-06 | Zakon o pravnoj zaštiti industrijskog dizajna („Sl. glasnik RS"" 104/2009, 45/2015, 44/2018 – dr. zakon) | https://www.paragraf.rs/propisi/zakon_o_pravnoj_zastiti_industrijskog_dizajna.html | čl. 20 st. 1",2026-10-06,POTVRĐENO,,"Opis panela ističe karakteristike koje ga razlikuju, a ne opšti izgled ploče.",8,false,
MZ-041,opis,description,Opis mora biti zasnovan na podnetom prikazu.,PRAVNI ZAHTEV,DOCUMENT,"Z-06 | Zakon o pravnoj zaštiti industrijskog dizajna („Sl. glasnik RS"" 104/2009, 45/2015, 44/2018 – dr. zakon) | https://www.paragraf.rs/propisi/zakon_o_pravnoj_zastiti_industrijskog_dizajna.html | čl. 20 st. 2 || Z-08 | Metodologija postupanja ZIS-a u postupku za priznanje prava na industrijski dizajn (2012) | https://www.zis.gov.rs/wp-content/uploads/metodologija-dizajn-2012.pdf | str. 33",2026-10-06,POTVRĐENO,,U opisu se navodi samo ono što se vidi na prikazima; sve oblikovne karakteristike vidljive na prikazima treba opisati.,8;9,false,
MZ-042,opis,description,"Opis ne treba da sadrži podatke o konstrukciji, funkciji ili funkcionalnim prednostima i slične podatke o telu ili njegovim delovima.",PRAVNI ZAHTEV,DOCUMENT,"Z-06 | Zakon o pravnoj zaštiti industrijskog dizajna („Sl. glasnik RS"" 104/2009, 45/2015, 44/2018 – dr. zakon) | https://www.paragraf.rs/propisi/zakon_o_pravnoj_zastiti_industrijskog_dizajna.html | čl. 20 st. 3 || Z-05 | Uputstvo „Sastavljanje i podnošenje prijave za priznanje prava na industrijski dizajn"" (2016, sa primerom BOCE) | https://www.zis.gov.rs/wp-content/uploads/uputstvo-novo-PDF.pdf | str. 6 || Z-08 | Metodologija postupanja ZIS-a u postupku za priznanje prava na industrijski dizajn (2012) | https://www.zis.gov.rs/wp-content/uploads/metodologija-dizajn-2012.pdf | str. 30–31",2026-10-06,POTVRĐENO,,"Ne opisivati spajanje panela, termoizolaciju, lepljenje, montažu, nosivost — ivice se opisuju samo kao vidljiva geometrija.",8;9,false,
MZ-043,opis,description,"Opis se dostavlja u dva istovetna primerka, otkucan, terminološki jasan, na A4, i sadrži: podatke o podnosiocu (gore levo), kratak i pravi naziv (gore u sredini), novost predmeta zaštite, namenu (ako nije jasna iz naziva) i potpis podnosioca.",PRAVNI ZAHTEV,DOCUMENT,"Z-07 | Uredba o sadržini registra prijava i registra industrijskog dizajna… („Sl. glasnik RS"" 43/2010, 44/2018 – dr. zakon) | https://www.paragraf.rs/propisi/uredba_o_sadrzini_registra_prijava_i_registra_industrijskog_dizajna.html | čl. 10 st. 1 i 3 || Z-08 | Metodologija postupanja ZIS-a u postupku za priznanje prava na industrijski dizajn (2012) | https://www.zis.gov.rs/wp-content/uploads/metodologija-dizajn-2012.pdf | str. 30",2026-10-06,POTVRĐENO,,Obavezni raspored stranice opisa.,8;10,false,
MZ-044,opis,description,"U izdvojenom stavu opis treba da sadrži naznačene karakteristike za koje se traži zaštita, pomoću kojih se određuju novost i obim zaštite.",PRAVNI ZAHTEV,DOCUMENT,"Z-07 | Uredba o sadržini registra prijava i registra industrijskog dizajna… („Sl. glasnik RS"" 43/2010, 44/2018 – dr. zakon) | https://www.paragraf.rs/propisi/uredba_o_sadrzini_registra_prijava_i_registra_industrijskog_dizajna.html | čl. 10 st. 2",2026-10-06,POTVRĐENO,,"AI ZAKLJUČAK: primer BOCE nema zasebno označen stav, ali tu ulogu vrše stav o novosti i završni stav; u nacrtu opisa panela predvideti jasno izdvojen stav.",8;9,false,
MZ-045,opis,description,"Ako prijava sadrži više predmeta zaštite, za svaki se podnosi poseban opis (na posebnom A4).",PRAVNI ZAHTEV,DOCUMENT,"Z-07 | Uredba o sadržini registra prijava i registra industrijskog dizajna… („Sl. glasnik RS"" 43/2010, 44/2018 – dr. zakon) | https://www.paragraf.rs/propisi/uredba_o_sadrzini_registra_prijava_i_registra_industrijskog_dizajna.html | čl. 10 st. 4 || Z-08 | Metodologija postupanja ZIS-a u postupku za priznanje prava na industrijski dizajn (2012) | https://www.zis.gov.rs/wp-content/uploads/metodologija-dizajn-2012.pdf | str. 31",2026-10-06,POTVRĐENO,,Svaka varijanta panela u višestrukoj prijavi dobija sopstveni opis.,6;8,false,
MZ-046,opis,description,Opis se kuca samo na jednoj strani lista.,ČINJENICA,ZIS,"Z-05 | Uputstvo „Sastavljanje i podnošenje prijave za priznanje prava na industrijski dizajn"" (2016, sa primerom BOCE) | https://www.zis.gov.rs/wp-content/uploads/uputstvo-novo-PDF.pdf | str. 5",2026-10-06,POTVRĐENO,,Format štampe opisa.,8;10,false,
MZ-047,opis,description,"Opis se odnosi samo na spoljni oblik (površine vidljive stalno ili pri redovnoj upotrebi); prvo se opisuje oblik u celini, zatim delovi; koriste se geometrijski pojmovi; poziva se na brojčane oznake prikaza; delovi se opisuju određenim redom (npr. odozgo nadole).",ČINJENICA,ZIS,"Z-05 | Uputstvo „Sastavljanje i podnošenje prijave za priznanje prava na industrijski dizajn"" (2016, sa primerom BOCE) | https://www.zis.gov.rs/wp-content/uploads/uputstvo-novo-PDF.pdf | str. 6 || Z-08 | Metodologija postupanja ZIS-a u postupku za priznanje prava na industrijski dizajn (2012) | https://www.zis.gov.rs/wp-content/uploads/metodologija-dizajn-2012.pdf | str. 30–31",2026-10-06,POTVRĐENO,,Metod pisanja opisa panela (faza 8).,8,false,
MZ-048,opis,description,"Struktura opisa po primeru BOCE: (1) šta je prijavljeno telo i namena; (2) u čemu je novost (oblikovanje celine/segmenata); (3) spisak prikaza „Slika 1.1 predstavlja…""; (4) detaljan geometrijski opis delova sa približnim proporcijama; (5) završna rečenica o novom ukupnom izgledu.",ČINJENICA,ZIS,"Z-05 | Uputstvo „Sastavljanje i podnošenje prijave za priznanje prava na industrijski dizajn"" (2016, sa primerom BOCE) | https://www.zis.gov.rs/wp-content/uploads/uputstvo-novo-PDF.pdf | str. 6–8, „Primer: BOCA""",2026-10-06,POTVRĐENO,,Šablon za opis panela (sekcija D Rezultata); ZIS ga je izričito preporučio.,8,false,
MZ-049,opis,description,Podaci koji se odnose na žig treba ukloniti sa prikaza ili u opisu navesti da se za njih ne traži zaštita industrijskim dizajnom.,ČINJENICA,ZIS,Z-08 | Metodologija postupanja ZIS-a u postupku za priznanje prava na industrijski dizajn (2012) | https://www.zis.gov.rs/wp-content/uploads/metodologija-dizajn-2012.pdf | str. 31 i 50,2026-10-06,POTVRĐENO,,"Relevantno ako panel nosi logo, utisnut znak ili natpis (pitanje za intervju).",3;7;8,false,
NS-06,opis,description,"NEUSKLAĐENOST — materijal u opisu. Uputstvo str. 6: opis ne treba da sadrži „materijal od koga je izrađen"". Zakon čl. 2 navodi materijale kao vizuelnu karakteristiku dizajna, a čl. 20 st. 3 zabranjuje samo konstrukciju, funkciju i funkcionalne prednosti; Metodologija (str. 34) u primeru opisuje teksturu površine.",ČINJENICA,ZIS,"Z-05 | Uputstvo „Sastavljanje i podnošenje prijave za priznanje prava na industrijski dizajn"" (2016, sa primerom BOCE) | https://www.zis.gov.rs/wp-content/uploads/uputstvo-novo-PDF.pdf | str. 6 || Z-06 | Zakon o pravnoj zaštiti industrijskog dizajna („Sl. glasnik RS"" 104/2009, 45/2015, 44/2018 – dr. zakon) | https://www.paragraf.rs/propisi/zakon_o_pravnoj_zastiti_industrijskog_dizajna.html | čl. 2 st. 1, čl. 20 st. 3 || Z-08 | Metodologija postupanja ZIS-a u postupku za priznanje prava na industrijski dizajn (2012) | https://www.zis.gov.rs/wp-content/uploads/metodologija-dizajn-2012.pdf | str. 3, 34",2026-10-06,NEPROVERENO – potrebno potvrditi sa ZIS-om ili registrovanim zastupnikom.,P-06,"Ključno za panel od EPS-a sa završnim slojem: kako opisati vidljivu teksturu i boju završnog sloja, a ne navoditi sastav materijala (P-06).",8;9,true,"Zakon; AI ZAKLJUČAK: vidljivi izgled površine (tekstura, boja, sjaj) opisuje se kao izgled, a vrsta i sastav materijala ne."
NS-07,opis,description,"NEUSKLAĐENOST — šta određuje obim prava. Metodologija str. 4 (stari tekst čl. 41 st. 1): obim prava „određen je sadržinom opisa"". Važeći čl. 41 st. 1: pravo obuhvata svaki dizajn koji na informisanog korisnika ne ostavlja drugačiji ukupan utisak. Uredba čl. 10 st. 2 i dalje kaže da izdvojeni stav opisa određuje „novost i obim zaštite"".",ČINJENICA,DOCUMENT,"Z-08 | Metodologija postupanja ZIS-a u postupku za priznanje prava na industrijski dizajn (2012) | https://www.zis.gov.rs/wp-content/uploads/metodologija-dizajn-2012.pdf | str. 4 || Z-06 | Zakon o pravnoj zaštiti industrijskog dizajna („Sl. glasnik RS"" 104/2009, 45/2015, 44/2018 – dr. zakon) | https://www.paragraf.rs/propisi/zakon_o_pravnoj_zastiti_industrijskog_dizajna.html | čl. 41 st. 1 || Z-07 | Uredba o sadržini registra prijava i registra industrijskog dizajna… („Sl. glasnik RS"" 43/2010, 44/2018 – dr. zakon) | https://www.paragraf.rs/propisi/uredba_o_sadrzini_registra_prijava_i_registra_industrijskog_dizajna.html | čl. 10 st. 2",2026-10-06,POTVRĐENO,,"Opis ostaje važan (Uredba, čl. 41 st. 2), ali merilo obima je ukupan utisak, pa prikazi imaju presudnu težinu.",8;9,true,Važeći Zakon (čl. 41 st. 1).
MZ-060,D-1,form_d1,Zahtev sadrži naročito: podatke o podnosiocu; podatke o autoru ili izjavu autora da ne želi da bude naveden; naznačenje da li se prijava odnosi na jedan ili više dizajna; stvaran i kratak naziv; pravni osnov ako autor nije podnosilac; potpis podnosioca.,PRAVNI ZAHTEV,DOCUMENT,"Z-06 | Zakon o pravnoj zaštiti industrijskog dizajna („Sl. glasnik RS"" 104/2009, 45/2015, 44/2018 – dr. zakon) | https://www.paragraf.rs/propisi/zakon_o_pravnoj_zastiti_industrijskog_dizajna.html | čl. 19 st. 1",2026-10-06,POTVRĐENO,,Zakonski minimum sadržaja D-1.,8,false,
MZ-061,D-1,form_d1,"Zahtev sadrži: 1) poslovno ime i sedište podnosioca, odnosno ime i adresu fizičkog lica; 2) punomoćnika; 3) zajedničkog predstavnika; 4) stvaran i kratak naziv; 5) autora ili napomenu o izjavi; 6) zatraženo pravo prvenstva; 7) pravni osnov; 8) odloženo objavljivanje; 9) element na kome se ne traži isključivo pravo; 10) podatak o plaćenoj taksi; 11) potpis i pečat podnosioca ili punomoćnika.",PRAVNI ZAHTEV,DOCUMENT,"Z-07 | Uredba o sadržini registra prijava i registra industrijskog dizajna… („Sl. glasnik RS"" 43/2010, 44/2018 – dr. zakon) | https://www.paragraf.rs/propisi/uredba_o_sadrzini_registra_prijava_i_registra_industrijskog_dizajna.html | čl. 8 st. 1",2026-10-06,POTVRĐENO,,Uredba precizira 11 elemenata — osnova D-1 vodiča po poljima (sekcija E).,8,false,
MZ-062,D-1,form_d1,Obrazac D-1 ima polja 1–10 (podnosilac; punomoćnik/zajednički predstavnik; naziv; pojedinačna/višestruka; autor; pravni osnov; pravo prvenstva; odloženo objavljivanje; element bez isključivog prava; plaćene takse) i listu priloga za označavanje.,ČINJENICA,ZIS,"Z-04 | Obrazac D-1 — Zahtev za priznanje prava na industrijski dizajn | https://www.zis.gov.rs/wp-content/uploads/D-1-zahtev-za-priznanje-dizajn.docx | polja 1–10, „Prilozi uz zahtev""",2026-10-06,POTVRĐENO,,Struktura podataka za D-1 (faza 8) i za model podataka web aplikacije.,8;10,false,
MZ-063,D-1,form_d1,"Naziv predmeta zaštite mora biti kratak i stvaran, a ne komercijalan (npr. „stona lampa"", a ne „stona lampa SVETLOST""); na osnovu naziva ispitivač određuje klasu i potklasu.",PRAVNI ZAHTEV,DOCUMENT,"Z-06 | Zakon o pravnoj zaštiti industrijskog dizajna („Sl. glasnik RS"" 104/2009, 45/2015, 44/2018 – dr. zakon) | https://www.paragraf.rs/propisi/zakon_o_pravnoj_zastiti_industrijskog_dizajna.html | čl. 19 st. 1 tač. 4 || Z-05 | Uputstvo „Sastavljanje i podnošenje prijave za priznanje prava na industrijski dizajn"" (2016, sa primerom BOCE) | https://www.zis.gov.rs/wp-content/uploads/uputstvo-novo-PDF.pdf | str. 3 || Z-08 | Metodologija postupanja ZIS-a u postupku za priznanje prava na industrijski dizajn (2012) | https://www.zis.gov.rs/wp-content/uploads/metodologija-dizajn-2012.pdf | str. 27",2026-10-06,POTVRĐENO,,Naziv panela bez trgovačkog imena; naziv utiče na Lokarnsku potklasu (MZ-211).,3;8,false,
MZ-064,D-1,form_d1,Podnosilac može sam ili na zahtev ZIS-a izjaviti da ne traži isključiva prava na elementu dizajna navedenom u opisu (D-1 polje 9).,PRAVNI ZAHTEV,DOCUMENT,"Z-06 | Zakon o pravnoj zaštiti industrijskog dizajna („Sl. glasnik RS"" 104/2009, 45/2015, 44/2018 – dr. zakon) | https://www.paragraf.rs/propisi/zakon_o_pravnoj_zastiti_industrijskog_dizajna.html | čl. 41 st. 2 || Z-07 | Uredba o sadržini registra prijava i registra industrijskog dizajna… („Sl. glasnik RS"" 43/2010, 44/2018 – dr. zakon) | https://www.paragraf.rs/propisi/uredba_o_sadrzini_registra_prijava_i_registra_industrijskog_dizajna.html | čl. 8 tač. 9 || Z-04 | Obrazac D-1 — Zahtev za priznanje prava na industrijski dizajn | https://www.zis.gov.rs/wp-content/uploads/D-1-zahtev-za-priznanje-dizajn.docx | polje 9 || Z-08 | Metodologija postupanja ZIS-a u postupku za priznanje prava na industrijski dizajn (2012) | https://www.zis.gov.rs/wp-content/uploads/metodologija-dizajn-2012.pdf | str. 4, 25, 29",2026-10-06,POTVRĐENO,,"Moguća opcija za element panela koji je pretežno funkcionalan; element mora biti naveden u opisu. Odluka u fazi 6, uz zastupnika.",6;8,false,
MZ-065,D-1,form_d1,"Kao potvrdu prijema, ZIS podnosiocu dostavlja primerak zahteva sa naznačenim datumom prijema.",PRAVNI ZAHTEV,DOCUMENT,"Z-07 | Uredba o sadržini registra prijava i registra industrijskog dizajna… („Sl. glasnik RS"" 43/2010, 44/2018 – dr. zakon) | https://www.paragraf.rs/propisi/uredba_o_sadrzini_registra_prijava_i_registra_industrijskog_dizajna.html | čl. 8 st. 2",2026-10-06,POTVRĐENO,,Podnosilac čuva vraćeni primerak D-1 kao dokaz datuma.,10,false,
NS-08,D-1,form_d1,"NEUSKLAĐENOST — potpis i pečat. Zakon čl. 19 st. 1 tač. 6 traži „potpis podnosioca prijave"". Uredba čl. 8 tač. 11 (označena kao izmenjena aktom 44/2018) na Paragrafu i dalje glasi „potpis i pečat""; Uputstvo (str. 3 i 10) i Metodologija (str. 29: pravno lice mora staviti i pečat) traže pečat.",ČINJENICA,DOCUMENT,"Z-06 | Zakon o pravnoj zaštiti industrijskog dizajna („Sl. glasnik RS"" 104/2009, 45/2015, 44/2018 – dr. zakon) | https://www.paragraf.rs/propisi/zakon_o_pravnoj_zastiti_industrijskog_dizajna.html | čl. 19 st. 1 tač. 6 || Z-07 | Uredba o sadržini registra prijava i registra industrijskog dizajna… („Sl. glasnik RS"" 43/2010, 44/2018 – dr. zakon) | https://www.paragraf.rs/propisi/uredba_o_sadrzini_registra_prijava_i_registra_industrijskog_dizajna.html | čl. 8 tač. 11* || Z-05 | Uputstvo „Sastavljanje i podnošenje prijave za priznanje prava na industrijski dizajn"" (2016, sa primerom BOCE) | https://www.zis.gov.rs/wp-content/uploads/uputstvo-novo-PDF.pdf | str. 3, 10 || Z-08 | Metodologija postupanja ZIS-a u postupku za priznanje prava na industrijski dizajn (2012) | https://www.zis.gov.rs/wp-content/uploads/metodologija-dizajn-2012.pdf | str. 29",2026-10-06,NEPROVERENO – potrebno potvrditi sa ZIS-om ili registrovanim zastupnikom.,P-02,"PREPORUKA: ako je podnosilac pravno lice koje koristi pečat, staviti i potpis i pečat dok se ne potvrdi (P-02).",8;10,true,Zakon (ne traži pečat); tekst Uredbe posle izmene 44/2018 nije potvrđen iz Službenog glasnika.
MZ-070,prilozi,attachments,Uz zahtev se podnose: 1) opis; 2) prikaz; 3) punomoćje (ako postoji punomoćnik); 4) overeni prepis prijave (konvencijsko pravo prvenstva); 5) potvrda/uverenje (sajamsko pravo prvenstva); 6) izjava autora da ne želi da bude naveden; 7) izjava o osnovu sticanja prava (ako autor nije podnosilac); 8) izjava o zajedničkom predstavniku (više podnosilaca); 9) dokaz o uplati takse.,PRAVNI ZAHTEV,DOCUMENT,"Z-07 | Uredba o sadržini registra prijava i registra industrijskog dizajna… („Sl. glasnik RS"" 43/2010, 44/2018 – dr. zakon) | https://www.paragraf.rs/propisi/uredba_o_sadrzini_registra_prijava_i_registra_industrijskog_dizajna.html | čl. 9",2026-10-06,POTVRĐENO,,Kompletan spisak mogućih priloga; za panel se aktiviraju samo oni koji odgovaraju činjenicama iz intervjua.,8;10,false,
MZ-071,prilozi,attachments,Na D-1 se označavaju prilozi: dva primerka prikaza; dva primerka opisa; izjava o zajedničkom predstavniku; punomoćje; dokaz o pravu prvenstva; dokaz o uplati takse; potpis podnosioca.,ČINJENICA,ZIS,"Z-04 | Obrazac D-1 — Zahtev za priznanje prava na industrijski dizajn | https://www.zis.gov.rs/wp-content/uploads/D-1-zahtev-za-priznanje-dizajn.docx | „Prilozi uz zahtev""",2026-10-06,POTVRĐENO,,Checklista priloga u finalnom paketu.,10,false,
MZ-072,prilozi,attachments,Kao dokaz o uplati takse dostavlja se prvi primerak uplatnice ili overen i potpisan izvod banke.,ČINJENICA,ZIS,"Z-08 | Metodologija postupanja ZIS-a u postupku za priznanje prava na industrijski dizajn (2012) | https://www.zis.gov.rs/wp-content/uploads/metodologija-dizajn-2012.pdf | str. 29, 84",2026-10-06,NEPROVERENO – potrebno potvrditi sa ZIS-om ili registrovanim zastupnikom.,,Metodologija (2012) ne obrađuje e-bankarstvo i plaćanje karticom u e-Prijavi; prihvatljiv oblik dokaza za papirnu prijavu potvrditi.,10,false,
MZ-073,prilozi,attachments,"Ako autor nije podnosilac, prilaže se dokaz o pravnom osnovu (npr. ugovor o radu, ugovor o delu).",ČINJENICA,ZIS,"Z-08 | Metodologija postupanja ZIS-a u postupku za priznanje prava na industrijski dizajn (2012) | https://www.zis.gov.rs/wp-content/uploads/metodologija-dizajn-2012.pdf | str. 28 || Z-01 | ZIS — Industrijski dizajn (web stranica) | https://www.zis.gov.rs/prava/dizajn/ | „Podnošenje prijave"" || Z-07 | Uredba o sadržini registra prijava i registra industrijskog dizajna… („Sl. glasnik RS"" 43/2010, 44/2018 – dr. zakon) | https://www.paragraf.rs/propisi/uredba_o_sadrzini_registra_prijava_i_registra_industrijskog_dizajna.html | čl. 9 tač. 7",2026-10-06,POTVRĐENO,,"Ako panel nije osmislio sam podnosilac, potreban je ugovor ili izjava (N-06).",3;10,false,
MZ-080,takse,fees,Taksa za prijavu (Tar. br. 107): jedan dizajn 8.540 RSD (fizička lica 4.270); za drugi i svaki sledeći dizajn u višestrukoj prijavi 6.410 RSD (fizička lica 3.205).,ČINJENICA,ZIS,"Z-09 | ZIS — Takse, odeljak Industrijski dizajn | https://www.zis.gov.rs/prava/takse/ | Tar. br. 107 || Z-10 | Usklađeni dinarski iznosi iz Tarife republičkih administrativnih taksi („Sl. glasnik RS"" 54/2026) | https://pravno-informacioni-sistem.rs/eli/rep/sgrs/vlada/iznos/2026/54/1 | tačka 119), Tar. br. 107 st. 9",2026-10-06,POTVRĐENO,,Iznos za uplatu pri podnošenju; važi od 1. 7. 2026.,6;10,false,
MZ-081,takse,fees,Za elektronski podnetu prijavu dizajna taksa se umanjuje za 25% od propisane; tačan iznos daje ZIS kalkulator taksi.,ČINJENICA,ZIS,"Z-09 | ZIS — Takse, odeljak Industrijski dizajn | https://www.zis.gov.rs/prava/takse/ | Tar. br. 107, napomena",2026-10-06,POTVRĐENO,,Ušteda ako se bira e-Prijava.,6;10,false,
MZ-082,takse,fees,"Kolona „Taksa za fizička lica"" primenjuje se kada su svi podnosioci fizička lica.",ČINJENICA,ZIS,"Z-09 | ZIS — Takse, odeljak Industrijski dizajn | https://www.zis.gov.rs/prava/takse/ | zaglavlje tabele || Z-08 | Metodologija postupanja ZIS-a u postupku za priznanje prava na industrijski dizajn (2012) | https://www.zis.gov.rs/wp-content/uploads/metodologija-dizajn-2012.pdf | str. 29",2026-10-06,POTVRĐENO,,Iznos zavisi od statusa podnosioca (pitanje A1).,3;10,false,
MZ-083,takse,fees,Nije utvrđeno da li se umanjenje za e-podnošenje (−25%) i umanjenje za fizička lica kumuliraju.,AI ZAKLJUČAK,AGENT_INFERENCE,"Z-09 | ZIS — Takse, odeljak Industrijski dizajn | https://www.zis.gov.rs/prava/takse/ | Tar. br. 107, napomena i kolona za fizička lica",2026-10-06,NEPROVERENO – potrebno potvrditi sa ZIS-om ili registrovanim zastupnikom.,P-04,Tačan iznos za fizičko lice u e-Prijavi nije poznat (P-04).,10,false,
MZ-084,takse,fees,Za svaki odgovor na rezultat ispitivanja plaća se taksa (Tar. br. 109): 1.040 RSD (fizička lica 520).,ČINJENICA,ZIS,"Z-09 | ZIS — Takse, odeljak Industrijski dizajn | https://www.zis.gov.rs/prava/takse/ | Tar. br. 109 || Z-10 | Usklađeni dinarski iznosi iz Tarife republičkih administrativnih taksi („Sl. glasnik RS"" 54/2026) | https://pravno-informacioni-sistem.rs/eli/rep/sgrs/vlada/iznos/2026/54/1 | tačka 121) || Z-08 | Metodologija postupanja ZIS-a u postupku za priznanje prava na industrijski dizajn (2012) | https://www.zis.gov.rs/wp-content/uploads/metodologija-dizajn-2012.pdf | str. 12",2026-10-06,POTVRĐENO,,Trošak svake korekcije posle rezultata ispitivanja.,10,false,
MZ-085,takse,fees,"Ako prijava ispunjava uslove, ZIS zaključkom poziva podnosioca da plati taksu za prvih pet godina zaštite i troškove objave i da dostavi dokaze; ako ih ne dostavi u ostavljenom roku, prijava se smatra povučenom.",PRAVNI ZAHTEV,DOCUMENT,"Z-06 | Zakon o pravnoj zaštiti industrijskog dizajna („Sl. glasnik RS"" 104/2009, 45/2015, 44/2018 – dr. zakon) | https://www.paragraf.rs/propisi/zakon_o_pravnoj_zastiti_industrijskog_dizajna.html | čl. 36 st. 1–2",2026-10-06,POTVRĐENO,,"Drugi obavezan trošak, posle pozitivnog ispitivanja.",10,false,
MZ-086,takse,fees,Taksa za sticanje/održavanje za prvih 5 godina (Tar. br. 115): prvi dizajn 21.390 RSD (fizička lica 10.695); drugi i svaki sledeći iz serije 14.950 (7.475). Isprava o dizajnu (Tar. br. 123): 4.290 (2.145).,ČINJENICA,ZIS,"Z-09 | ZIS — Takse, odeljak Industrijski dizajn | https://www.zis.gov.rs/prava/takse/ | Tar. br. 115, 123 || Z-10 | Usklađeni dinarski iznosi iz Tarife republičkih administrativnih taksi („Sl. glasnik RS"" 54/2026) | https://pravno-informacioni-sistem.rs/eli/rep/sgrs/vlada/iznos/2026/54/1 | tačke 127), 135) || Z-08 | Metodologija postupanja ZIS-a u postupku za priznanje prava na industrijski dizajn (2012) | https://www.zis.gov.rs/wp-content/uploads/metodologija-dizajn-2012.pdf | str. 23",2026-10-06,POTVRĐENO,,Budžet posle priznanja.,6;10,false,
MZ-087,takse,fees,Iznos troškova objave industrijskog dizajna nije prikazan na stranici taksi ZIS-a; visinu troškova utvrđuje Vlada.,ČINJENICA,ZIS,"Z-06 | Zakon o pravnoj zaštiti industrijskog dizajna („Sl. glasnik RS"" 104/2009, 45/2015, 44/2018 – dr. zakon) | https://www.paragraf.rs/propisi/zakon_o_pravnoj_zastiti_industrijskog_dizajna.html | čl. 22 st. 2–3 || Z-09 | ZIS — Takse, odeljak Industrijski dizajn | https://www.zis.gov.rs/prava/takse/ | odeljak Industrijski dizajn",2026-10-06,NEPROVERENO – potrebno potvrditi sa ZIS-om ili registrovanim zastupnikom.,N-02,Ukupan trošak priznanja ne može se izračunati dok se ne dostavi N-02.,10,false,
MZ-088,takse,fees,Produženje roka (Tar. br. 122): prvi zahtev do 30 dana 2.160 RSD (1.080); za svaki sledeći mesec 3.200 (1.600).,ČINJENICA,ZIS,"Z-09 | ZIS — Takse, odeljak Industrijski dizajn | https://www.zis.gov.rs/prava/takse/ | Tar. br. 122 || Z-08 | Metodologija postupanja ZIS-a u postupku za priznanje prava na industrijski dizajn (2012) | https://www.zis.gov.rs/wp-content/uploads/metodologija-dizajn-2012.pdf | str. 17",2026-10-06,POTVRĐENO,,Trošak ako se traži produženje roka za uređenje ili izjašnjenje.,10,false,
MZ-089,takse,fees,"Održavanje od 6. do 25. godine, po petogodištu (Tar. br. 115 st. 2): prvi dizajn 12.820 (6.410); sledeći 8.540 (4.270). Plaća se do početka perioda, najranije 6 meseci pre isteka; naknadno u roku od 6 meseci uz uvećanje od 50%.",ČINJENICA,ZIS,"Z-09 | ZIS — Takse, odeljak Industrijski dizajn | https://www.zis.gov.rs/prava/takse/ | Tar. br. 115 || Z-10 | Usklađeni dinarski iznosi iz Tarife republičkih administrativnih taksi („Sl. glasnik RS"" 54/2026) | https://pravno-informacioni-sistem.rs/eli/rep/sgrs/vlada/iznos/2026/54/1 | tačka 127)",2026-10-06,POTVRĐENO,,Dugoročni troškovi održavanja prava.,6;10,false,
MZ-090,takse,fees,"Uplata: račun 840-30880845-62, poziv na broj 97 2801864040, primalac „Republičke administrativne takse – Zavod za intelektualnu svojinu""; u svrsi uplate navesti tarifni broj (i broj prijave ako postoji).",ČINJENICA,ZIS,"Z-09 | ZIS — Takse, odeljak Industrijski dizajn | https://www.zis.gov.rs/prava/takse/ | uputstvo za uplatu",2026-10-06,POTVRĐENO,,Podaci za uplatnicu u finalnom paketu.,10,false,
MZ-091,takse,fees,Dinarski iznosi taksi usklađuju se periodično (poslednje usklađivanje od 1. 7. 2026); iznose proveriti neposredno pre uplate.,PREPORUKA,AGENT_INFERENCE,"Z-10 | Usklađeni dinarski iznosi iz Tarife republičkih administrativnih taksi („Sl. glasnik RS"" 54/2026) | https://pravno-informacioni-sistem.rs/eli/rep/sgrs/vlada/iznos/2026/54/1 | „Sl. glasnik RS"" 54/2026 || Z-09 | ZIS — Takse, odeljak Industrijski dizajn | https://www.zis.gov.rs/prava/takse/ | napomena o usklađenim iznosima",2026-10-06,POTVRĐENO,,Iznosi u paketu nose datum provere.,10,false,
MZ-092,takse,fees,"Rešerš ZIS-a po prikazu proizvoda (Tar. br. 134l): 4.210 RSD; zahtev sadrži naziv proizvoda, prikaze i dokaz o uplati.",ČINJENICA,ZIS,"Z-09 | ZIS — Takse, odeljak Industrijski dizajn | https://www.zis.gov.rs/prava/takse/ | Tar. br. 134l || Z-14 | ZIS — Primer zahteva za rešerš dizajna na osnovu prikaza (02-2025) | https://www.zis.gov.rs/wp-content/uploads/primer-resersa-dizajna-po-prikazu-proizvoda-02-2025.pdf | ceo dokument",2026-10-06,POTVRĐENO,,Opcioni trošak u fazi pretrage (sekcija L).,5,false,
MZ-100,rokovi,deadlines,"Ako prijava ne sadrži elemente za datum podnošenja, ZIS poziva da se nedostaci otklone u roku od 30 dana; datum podnošenja je dan otklanjanja; ako se ne otklone, prijava se odbacuje. Ovaj rok se ne produžava.",PRAVNI ZAHTEV,DOCUMENT,"Z-06 | Zakon o pravnoj zaštiti industrijskog dizajna („Sl. glasnik RS"" 104/2009, 45/2015, 44/2018 – dr. zakon) | https://www.paragraf.rs/propisi/zakon_o_pravnoj_zastiti_industrijskog_dizajna.html | čl. 23 st. 4–7 || Z-08 | Metodologija postupanja ZIS-a u postupku za priznanje prava na industrijski dizajn (2012) | https://www.zis.gov.rs/wp-content/uploads/metodologija-dizajn-2012.pdf | str. 17–18",2026-10-06,POTVRĐENO,,Nepotpuna prijava gubi raniji datum.,10,false,
MZ-101,rokovi,deadlines,"Neuredna prijava: ZIS poziva na uređenje u roku koji odredi; na obrazloženi zahtev, uz taksu, rok se može produžiti najviše 3 meseca; neuređena prijava ili neplaćena taksa — odbacivanje.",PRAVNI ZAHTEV,DOCUMENT,"Z-06 | Zakon o pravnoj zaštiti industrijskog dizajna („Sl. glasnik RS"" 104/2009, 45/2015, 44/2018 – dr. zakon) | https://www.paragraf.rs/propisi/zakon_o_pravnoj_zastiti_industrijskog_dizajna.html | čl. 29 st. 2–4",2026-10-06,POTVRĐENO,,Rok za ispravke posle formalnog ispitivanja.,10,false,
MZ-102,rokovi,deadlines,"Povraćaj u pređašnje stanje: u roku od 3 meseca od prijema zaključka o odbacivanju (čl. 29) ili o obustavi zbog neplaćanja taksi za priznanje (čl. 36), uz taksu.",PRAVNI ZAHTEV,DOCUMENT,"Z-06 | Zakon o pravnoj zaštiti industrijskog dizajna („Sl. glasnik RS"" 104/2009, 45/2015, 44/2018 – dr. zakon) | https://www.paragraf.rs/propisi/zakon_o_pravnoj_zastiti_industrijskog_dizajna.html | čl. 29 st. 6, čl. 36 st. 4 || Z-08 | Metodologija postupanja ZIS-a u postupku za priznanje prava na industrijski dizajn (2012) | https://www.zis.gov.rs/wp-content/uploads/metodologija-dizajn-2012.pdf | str. 18",2026-10-06,POTVRĐENO,,Sigurnosni mehanizam ako se propusti rok.,10,false,
MZ-103,rokovi,deadlines,"Kad prijava ne ispunjava uslove za priznanje, ZIS obaveštava o razlozima i poziva na izjašnjenje u roku koji odredi (produženje najviše do 3 meseca); bez izjašnjenja ili ako ZIS ostane pri stavu — rešenje o odbijanju.",PRAVNI ZAHTEV,DOCUMENT,"Z-06 | Zakon o pravnoj zaštiti industrijskog dizajna („Sl. glasnik RS"" 104/2009, 45/2015, 44/2018 – dr. zakon) | https://www.paragraf.rs/propisi/zakon_o_pravnoj_zastiti_industrijskog_dizajna.html | čl. 31",2026-10-06,POTVRĐENO,,Rok za odgovor na prigovore ispitivača (npr. zbog novosti ili tehničke funkcije).,10,false,
MZ-104,rokovi,deadlines,Žalba Vladi u roku od 15 dana od prijema odluke ZIS-a; upravni spor u roku od 30 dana od prijema odluke Vlade.,PRAVNI ZAHTEV,DOCUMENT,"Z-06 | Zakon o pravnoj zaštiti industrijskog dizajna („Sl. glasnik RS"" 104/2009, 45/2015, 44/2018 – dr. zakon) | https://www.paragraf.rs/propisi/zakon_o_pravnoj_zastiti_industrijskog_dizajna.html | čl. 12 st. 2 i 4",2026-10-06,POTVRĐENO,,Pravni lekovi posle odbijanja.,10,false,
MZ-105,rokovi,deadlines,"Pravo se stiče upisom u registar i traje 5 godina od datuma podnošenja; produžava se za periode od po 5 godina, najduže do 25 godina (zahtev na obrascu D-7 uz dokaz o uplati).",PRAVNI ZAHTEV,DOCUMENT,"Z-06 | Zakon o pravnoj zaštiti industrijskog dizajna („Sl. glasnik RS"" 104/2009, 45/2015, 44/2018 – dr. zakon) | https://www.paragraf.rs/propisi/zakon_o_pravnoj_zastiti_industrijskog_dizajna.html | čl. 11 || Z-01 | ZIS — Industrijski dizajn (web stranica) | https://www.zis.gov.rs/prava/dizajn/ | „Kako se stiče i koliko traje pravo"", „Produženje važnosti""",2026-10-06,POTVRĐENO,,Kalendar održavanja prava posle priznanja.,10,false,
MZ-106,rokovi,deadlines,"Rok za plaćanje taksi za priznanje i troškova objave određuje ZIS u zaključku („u ostavljenom roku"").",PRAVNI ZAHTEV,DOCUMENT,"Z-06 | Zakon o pravnoj zaštiti industrijskog dizajna („Sl. glasnik RS"" 104/2009, 45/2015, 44/2018 – dr. zakon) | https://www.paragraf.rs/propisi/zakon_o_pravnoj_zastiti_industrijskog_dizajna.html | čl. 36 st. 1–2 || Z-08 | Metodologija postupanja ZIS-a u postupku za priznanje prava na industrijski dizajn (2012) | https://www.zis.gov.rs/wp-content/uploads/metodologija-dizajn-2012.pdf | str. 23",2026-10-06,POTVRĐENO,,Tačan rok biće poznat tek iz zaključka ZIS-a.,10,false,
NS-09,rokovi,deadlines,"NEUSKLAĐENOST — rok za uređenje prijave. ZIS web stranica: „rok od mesec dana""; Metodologija str. 20–21: „u roku od 30 dana""; Zakon čl. 29 st. 2: „u roku koji nadležni organ odredi"".",ČINJENICA,ZIS,"Z-01 | ZIS — Industrijski dizajn (web stranica) | https://www.zis.gov.rs/prava/dizajn/ | „Kako teče postupak ispitivanja"" || Z-08 | Metodologija postupanja ZIS-a u postupku za priznanje prava na industrijski dizajn (2012) | https://www.zis.gov.rs/wp-content/uploads/metodologija-dizajn-2012.pdf | str. 20–21 || Z-06 | Zakon o pravnoj zaštiti industrijskog dizajna („Sl. glasnik RS"" 104/2009, 45/2015, 44/2018 – dr. zakon) | https://www.paragraf.rs/propisi/zakon_o_pravnoj_zastiti_industrijskog_dizajna.html | čl. 29 st. 2",2026-10-06,POTVRĐENO,,Merodavan je rok naveden u konkretnom rezultatu ispitivanja; za planiranje računati sa oko 30 dana.,10,true,Zakon — rok iz akta ZIS-a u konkretnom predmetu.
MZ-120,pojedinačna/višestruka prijava,single_multiple,"Jedna prijava može sadržati zahtev za jedan ili više, najviše do 100 industrijskih dizajna.",PRAVNI ZAHTEV,DOCUMENT,"Z-06 | Zakon o pravnoj zaštiti industrijskog dizajna („Sl. glasnik RS"" 104/2009, 45/2015, 44/2018 – dr. zakon) | https://www.paragraf.rs/propisi/zakon_o_pravnoj_zastiti_industrijskog_dizajna.html | čl. 18 st. 4",2026-10-06,POTVRĐENO,,Gornja granica ako postoje varijante panela.,6,false,
MZ-121,pojedinačna/višestruka prijava,single_multiple,Kod višestruke prijave svi proizvodi moraju biti svrstani u istu klasu i potklasu Lokarnske klasifikacije.,PRAVNI ZAHTEV,DOCUMENT,"Z-06 | Zakon o pravnoj zaštiti industrijskog dizajna („Sl. glasnik RS"" 104/2009, 45/2015, 44/2018 – dr. zakon) | https://www.paragraf.rs/propisi/zakon_o_pravnoj_zastiti_industrijskog_dizajna.html | čl. 18 st. 5",2026-10-06,POTVRĐENO,,Varijante panela mogu u istu prijavu samo ako su u istoj potklasi (P-03).,6,false,
MZ-122,pojedinačna/višestruka prijava,single_multiple,"Pojedinačna prijava se odnosi na spoljni oblik jednog proizvoda, koji može biti od jednog ili više neraskidivo povezanih elemenata; višestruka — na više proizvoda koji nisu neraskidivo povezani (npr. kauč i fotelja su različiti dizajni).",ČINJENICA,ZIS,"Z-05 | Uputstvo „Sastavljanje i podnošenje prijave za priznanje prava na industrijski dizajn"" (2016, sa primerom BOCE) | https://www.zis.gov.rs/wp-content/uploads/uputstvo-novo-PDF.pdf | str. 2",2026-10-06,POTVRĐENO,,"AI ZAKLJUČAK: različite varijante panela (dimenzije, profili, ugaoni paneli) verovatno su posebni dizajni; odluka u fazi 6 posle intervjua (grupa F).",3;6,false,
MZ-123,pojedinačna/višestruka prijava,single_multiple,"U zahtevu se naznačava da li se prijava odnosi na jedan ili više dizajna, odnosno broj dizajna (D-1 polje 4).",PRAVNI ZAHTEV,DOCUMENT,"Z-06 | Zakon o pravnoj zaštiti industrijskog dizajna („Sl. glasnik RS"" 104/2009, 45/2015, 44/2018 – dr. zakon) | https://www.paragraf.rs/propisi/zakon_o_pravnoj_zastiti_industrijskog_dizajna.html | čl. 19 st. 1 tač. 3 || Z-04 | Obrazac D-1 — Zahtev za priznanje prava na industrijski dizajn | https://www.zis.gov.rs/wp-content/uploads/D-1-zahtev-za-priznanje-dizajn.docx | polje 4 || Z-08 | Metodologija postupanja ZIS-a u postupku za priznanje prava na industrijski dizajn (2012) | https://www.zis.gov.rs/wp-content/uploads/metodologija-dizajn-2012.pdf | str. 27",2026-10-06,POTVRĐENO,,Podatak za D-1 iz strategije zaštite.,6;8,false,
MZ-124,pojedinačna/višestruka prijava,single_multiple,"Za svaki predmet zaštite podnosi se poseban opis i poseban prikaz sa sopstvenom numeracijom (1.x, 2.x…); ZIS materijalne uslove ispituje za svaki dizajn posebno.",PRAVNI ZAHTEV,DOCUMENT,"Z-07 | Uredba o sadržini registra prijava i registra industrijskog dizajna… („Sl. glasnik RS"" 43/2010, 44/2018 – dr. zakon) | https://www.paragraf.rs/propisi/uredba_o_sadrzini_registra_prijava_i_registra_industrijskog_dizajna.html | čl. 10 st. 4, čl. 11 st. 6 || Z-08 | Metodologija postupanja ZIS-a u postupku za priznanje prava na industrijski dizajn (2012) | https://www.zis.gov.rs/wp-content/uploads/metodologija-dizajn-2012.pdf | str. 41",2026-10-06,POTVRĐENO,,Svaka varijanta zahteva sopstveni komplet opisa i prikaza.,6;7;8,false,
MZ-125,pojedinačna/višestruka prijava,single_multiple,"Višestruka prijava može se, uz taksu (Tar. br. 108: 3.200 RSD, fizička lica 1.600, e-podnošenje −25%), razdvojiti zahtevom na obrascu D-2; izdvojene prijave dobijaju novi broj, ali zadržavaju datum podnošenja i pravo prvenstva.",PRAVNI ZAHTEV,DOCUMENT,"Z-06 | Zakon o pravnoj zaštiti industrijskog dizajna („Sl. glasnik RS"" 104/2009, 45/2015, 44/2018 – dr. zakon) | https://www.paragraf.rs/propisi/zakon_o_pravnoj_zastiti_industrijskog_dizajna.html | čl. 33 || Z-15 | ZIS — Obrazac D-2 (razdvajanje višestruke prijave) | https://www.zis.gov.rs/wp-content/uploads/D2-Zahtev-za-razdvajanje-visestruke-prijave-industrijskog-dizajna.pdf | obrazac D-2 || Z-09 | ZIS — Takse, odeljak Industrijski dizajn | https://www.zis.gov.rs/prava/takse/ | Tar. br. 108",2026-10-06,POTVRĐENO,,Fleksibilnost ako se kasnije pokaže da varijante treba razdvojiti.,6,false,
MZ-126,pojedinačna/višestruka prijava,single_multiple,"Ako neki dizajni iz višestruke prijave ne ispunjavaju uslove, ZIS donosi rešenje o delimičnom priznanju.",PRAVNI ZAHTEV,DOCUMENT,"Z-06 | Zakon o pravnoj zaštiti industrijskog dizajna („Sl. glasnik RS"" 104/2009, 45/2015, 44/2018 – dr. zakon) | https://www.paragraf.rs/propisi/zakon_o_pravnoj_zastiti_industrijskog_dizajna.html | čl. 34 || Z-08 | Metodologija postupanja ZIS-a u postupku za priznanje prava na industrijski dizajn (2012) | https://www.zis.gov.rs/wp-content/uploads/metodologija-dizajn-2012.pdf | str. 22",2026-10-06,POTVRĐENO,,Problem jedne varijante ne ruši celu višestruku prijavu.,6,false,
NS-10,pojedinačna/višestruka prijava,single_multiple,"NEUSKLAĐENOST — uslov za višestruku prijavu. Metodologija str. 27: proizvodi u istoj „klasi""; Metodologija str. 24 i 41, Uputstvo str. 2 i Zakon čl. 18 st. 5: ista klasa i potklasa.",ČINJENICA,ZIS,"Z-08 | Metodologija postupanja ZIS-a u postupku za priznanje prava na industrijski dizajn (2012) | https://www.zis.gov.rs/wp-content/uploads/metodologija-dizajn-2012.pdf | str. 24, 27, 41 || Z-05 | Uputstvo „Sastavljanje i podnošenje prijave za priznanje prava na industrijski dizajn"" (2016, sa primerom BOCE) | https://www.zis.gov.rs/wp-content/uploads/uputstvo-novo-PDF.pdf | str. 2 || Z-06 | Zakon o pravnoj zaštiti industrijskog dizajna („Sl. glasnik RS"" 104/2009, 45/2015, 44/2018 – dr. zakon) | https://www.paragraf.rs/propisi/zakon_o_pravnoj_zastiti_industrijskog_dizajna.html | čl. 18 st. 5",2026-10-06,POTVRĐENO,,Primenjuje se strožiji uslov (klasa i potklasa).,6,true,Zakon (čl. 18 st. 5).
MZ-130,odloženo objavljivanje,deferred_publication,Zahtev može sadržati izjavu da se objavljivanje priznatog prava odloži 12 meseci od datuma donošenja rešenja o priznanju (D-1 polje 8).,PRAVNI ZAHTEV,DOCUMENT,"Z-06 | Zakon o pravnoj zaštiti industrijskog dizajna („Sl. glasnik RS"" 104/2009, 45/2015, 44/2018 – dr. zakon) | https://www.paragraf.rs/propisi/zakon_o_pravnoj_zastiti_industrijskog_dizajna.html | čl. 19 st. 2 || Z-07 | Uredba o sadržini registra prijava i registra industrijskog dizajna… („Sl. glasnik RS"" 43/2010, 44/2018 – dr. zakon) | https://www.paragraf.rs/propisi/uredba_o_sadrzini_registra_prijava_i_registra_industrijskog_dizajna.html | čl. 8 tač. 8 || Z-04 | Obrazac D-1 — Zahtev za priznanje prava na industrijski dizajn | https://www.zis.gov.rs/wp-content/uploads/D-1-zahtev-za-priznanje-dizajn.docx | polje 8 || Z-05 | Uputstvo „Sastavljanje i podnošenje prijave za priznanje prava na industrijski dizajn"" (2016, sa primerom BOCE) | https://www.zis.gov.rs/wp-content/uploads/uputstvo-novo-PDF.pdf | str. 3",2026-10-06,POTVRĐENO,,"Opcija ako podnosilac želi da izgled panela ostane neobjavljen do izlaska na tržište (pitanje za intervju, odluka u fazi 6).",3;6;8,false,
MZ-131,odloženo objavljivanje,deferred_publication,"Priznato pravo se objavljuje u službenom glasilu ZIS-a (nosilac, registarski broj, datumi, naziv, prikaz, klasa).",PRAVNI ZAHTEV,DOCUMENT,"Z-06 | Zakon o pravnoj zaštiti industrijskog dizajna („Sl. glasnik RS"" 104/2009, 45/2015, 44/2018 – dr. zakon) | https://www.paragraf.rs/propisi/zakon_o_pravnoj_zastiti_industrijskog_dizajna.html | čl. 38",2026-10-06,POTVRĐENO,,"Bez odlaganja, prikazi panela postaju javni posle upisa.",6,false,
MZ-132,odloženo objavljivanje,deferred_publication,U tabeli taksi ZIS-a nije pronađena posebna taksa za zahtev za odloženo objavljivanje; Metodologija ne obrađuje taksu za odlaganje.,ČINJENICA,ZIS,"Z-09 | ZIS — Takse, odeljak Industrijski dizajn | https://www.zis.gov.rs/prava/takse/ | odeljak Industrijski dizajn || Z-08 | Metodologija postupanja ZIS-a u postupku za priznanje prava na industrijski dizajn (2012) | https://www.zis.gov.rs/wp-content/uploads/metodologija-dizajn-2012.pdf | str. 25, 28",2026-10-06,NEPROVERENO – potrebno potvrditi sa ZIS-om ili registrovanim zastupnikom.,P-07,Ne pretpostavljati da je odlaganje besplatno dok se ne potvrdi (P-07).,6;10,false,
MZ-140,autor i podnosilac,author_applicant,"Pravo na zaštitu industrijskog dizajna pripada autoru ili njegovom pravnom sledbeniku, odnosno poslodavcu u slučajevima predviđenim zakonom.",PRAVNI ZAHTEV,DOCUMENT,"Z-06 | Zakon o pravnoj zaštiti industrijskog dizajna („Sl. glasnik RS"" 104/2009, 45/2015, 44/2018 – dr. zakon) | https://www.paragraf.rs/propisi/zakon_o_pravnoj_zastiti_industrijskog_dizajna.html | čl. 8a st. 1",2026-10-06,POTVRĐENO,,Treba utvrditi ko je autor i po kom osnovu podnosilac ima pravo (grupe A i B).,3,false,
MZ-141,autor i podnosilac,author_applicant,Zaštita se ne odobrava ako je prijavu podnelo lice koje nema pravo na zaštitu.,PRAVNI ZAHTEV,DOCUMENT,"Z-06 | Zakon o pravnoj zaštiti industrijskog dizajna („Sl. glasnik RS"" 104/2009, 45/2015, 44/2018 – dr. zakon) | https://www.paragraf.rs/propisi/zakon_o_pravnoj_zastiti_industrijskog_dizajna.html | čl. 9 tač. 3",2026-10-06,POTVRĐENO,,Pogrešan podnosilac je osnov za odbijanje.,3;9,false,
MZ-142,autor i podnosilac,author_applicant,"Ako autor nije podnosilac, u zahtevu se navode podaci o autoru i pravni osnov za podnošenje (D-1 polja 5 i 6), a prilaže se izjava o osnovu sticanja prava.",PRAVNI ZAHTEV,DOCUMENT,"Z-06 | Zakon o pravnoj zaštiti industrijskog dizajna („Sl. glasnik RS"" 104/2009, 45/2015, 44/2018 – dr. zakon) | https://www.paragraf.rs/propisi/zakon_o_pravnoj_zastiti_industrijskog_dizajna.html | čl. 19 st. 1 tač. 2 i 5 || Z-07 | Uredba o sadržini registra prijava i registra industrijskog dizajna… („Sl. glasnik RS"" 43/2010, 44/2018 – dr. zakon) | https://www.paragraf.rs/propisi/uredba_o_sadrzini_registra_prijava_i_registra_industrijskog_dizajna.html | čl. 8 tač. 5 i 7, čl. 9 tač. 7 || Z-04 | Obrazac D-1 — Zahtev za priznanje prava na industrijski dizajn | https://www.zis.gov.rs/wp-content/uploads/D-1-zahtev-za-priznanje-dizajn.docx | polja 5–6",2026-10-06,POTVRĐENO,,Podaci za D-1 i prilog.,3;8,false,
MZ-143,autor i podnosilac,author_applicant,Autor može izjaviti da ne želi da bude naveden (prilog: izjava autora) i tu izjavu može povući tokom postupka i trajanja prava; autor ima moralno pravo da mu ime bude navedeno.,PRAVNI ZAHTEV,DOCUMENT,"Z-06 | Zakon o pravnoj zaštiti industrijskog dizajna („Sl. glasnik RS"" 104/2009, 45/2015, 44/2018 – dr. zakon) | https://www.paragraf.rs/propisi/zakon_o_pravnoj_zastiti_industrijskog_dizajna.html | čl. 19 st. 1 tač. 2 i st. 3, čl. 40 st. 2 || Z-07 | Uredba o sadržini registra prijava i registra industrijskog dizajna… („Sl. glasnik RS"" 43/2010, 44/2018 – dr. zakon) | https://www.paragraf.rs/propisi/uredba_o_sadrzini_registra_prijava_i_registra_industrijskog_dizajna.html | čl. 9 tač. 6",2026-10-06,POTVRĐENO,,Pitanje za intervju (grupa B).,3;8,false,
MZ-144,autor i podnosilac,author_applicant,Na dizajn stvoren u radnom odnosu shodno se primenjuju odredbe zakona kojim se uređuju patenti.,PRAVNI ZAHTEV,DOCUMENT,"Z-06 | Zakon o pravnoj zaštiti industrijskog dizajna („Sl. glasnik RS"" 104/2009, 45/2015, 44/2018 – dr. zakon) | https://www.paragraf.rs/propisi/zakon_o_pravnoj_zastiti_industrijskog_dizajna.html | čl. 47",2026-10-06,NEPROVERENO – potrebno potvrditi sa ZIS-om ili registrovanim zastupnikom.,P-08,"Ako je autor zaposlen kod podnosioca, primenjuju se pravila Zakona o patentima o službenim delima — taj zakon nije analiziran u ovoj fazi; potvrditi sa zastupnikom (P-08).",3;6,false,
MZ-145,autor i podnosilac,author_applicant,"Ako postoji više podnosilaca, navodi se zajednički predstavnik i prilaže izjava o zajedničkom predstavniku.",PRAVNI ZAHTEV,DOCUMENT,"Z-07 | Uredba o sadržini registra prijava i registra industrijskog dizajna… („Sl. glasnik RS"" 43/2010, 44/2018 – dr. zakon) | https://www.paragraf.rs/propisi/uredba_o_sadrzini_registra_prijava_i_registra_industrijskog_dizajna.html | čl. 8 tač. 3, čl. 9 tač. 8 || Z-05 | Uputstvo „Sastavljanje i podnošenje prijave za priznanje prava na industrijski dizajn"" (2016, sa primerom BOCE) | https://www.zis.gov.rs/wp-content/uploads/uputstvo-novo-PDF.pdf | str. 3, tač. 4",2026-10-06,POTVRĐENO,,Samo ako ima više podnosilaca (pitanje A).,3;8,false,
MZ-146,autor i podnosilac,author_applicant,"Podnosilac pravno lice navodi poslovno ime i sedište; fizičko lice ime i adresu (D-1 polje 1, uz telefon i e-mail).",PRAVNI ZAHTEV,DOCUMENT,"Z-07 | Uredba o sadržini registra prijava i registra industrijskog dizajna… („Sl. glasnik RS"" 43/2010, 44/2018 – dr. zakon) | https://www.paragraf.rs/propisi/uredba_o_sadrzini_registra_prijava_i_registra_industrijskog_dizajna.html | čl. 8 tač. 1 || Z-04 | Obrazac D-1 — Zahtev za priznanje prava na industrijski dizajn | https://www.zis.gov.rs/wp-content/uploads/D-1-zahtev-za-priznanje-dizajn.docx | polje 1",2026-10-06,POTVRĐENO,,Tačni podaci podnosioca (pitanje A).,3;8,false,
MZ-147,autor i podnosilac,author_applicant,Strana fizička i pravna lica uživaju ista prava kao domaća ako to proizlazi iz međunarodnih ugovora ili uzajamnosti.,PRAVNI ZAHTEV,DOCUMENT,"Z-06 | Zakon o pravnoj zaštiti industrijskog dizajna („Sl. glasnik RS"" 104/2009, 45/2015, 44/2018 – dr. zakon) | https://www.paragraf.rs/propisi/zakon_o_pravnoj_zastiti_industrijskog_dizajna.html | čl. 8a st. 2–3",2026-10-06,POTVRĐENO,,Relevantno samo ako je podnosilac strano lice.,3,false,
MZ-150,zastupanje,representation_agent,"Strano fizičko ili pravno lice bez prebivališta, odnosno sedišta u Srbiji mora imati zastupnika upisanog u Registar zastupnika ZIS-a ili domaćeg advokata.",PRAVNI ZAHTEV,DOCUMENT,"Z-06 | Zakon o pravnoj zaštiti industrijskog dizajna („Sl. glasnik RS"" 104/2009, 45/2015, 44/2018 – dr. zakon) | https://www.paragraf.rs/propisi/zakon_o_pravnoj_zastiti_industrijskog_dizajna.html | čl. 16 || Z-03 | ZIS — Registar zastupnika | https://www.zis.gov.rs/podrska/registar-zastupnika/ | uslovi za zastupanje || Z-01 | ZIS — Industrijski dizajn (web stranica) | https://www.zis.gov.rs/prava/dizajn/ | „Šta sve treba da znate""",2026-10-06,POTVRĐENO,,Obavezan zastupnik samo ako je podnosilac strano lice.,3;6,false,
MZ-151,zastupanje,representation_agent,U Registar zastupnika upisuju se lica koja ispunjavaju uslove iz zakona kojim se uređuju patenti; registar je javno dostupan.,PRAVNI ZAHTEV,DOCUMENT,"Z-06 | Zakon o pravnoj zaštiti industrijskog dizajna („Sl. glasnik RS"" 104/2009, 45/2015, 44/2018 – dr. zakon) | https://www.paragraf.rs/propisi/zakon_o_pravnoj_zastiti_industrijskog_dizajna.html | čl. 17 || Z-03 | ZIS — Registar zastupnika | https://www.zis.gov.rs/podrska/registar-zastupnika/ | e-registar zastupnika",2026-10-06,POTVRĐENO,,Izvor za izbor zastupnika.,6;10,false,
MZ-152,zastupanje,representation_agent,Domaće lice može samo voditi postupak; zastupnik nije obavezan.,ČINJENICA,ZIS,"Z-08 | Metodologija postupanja ZIS-a u postupku za priznanje prava na industrijski dizajn (2012) | https://www.zis.gov.rs/wp-content/uploads/metodologija-dizajn-2012.pdf | str. 13, 26 || Z-06 | Zakon o pravnoj zaštiti industrijskog dizajna („Sl. glasnik RS"" 104/2009, 45/2015, 44/2018 – dr. zakon) | https://www.paragraf.rs/propisi/zakon_o_pravnoj_zastiti_industrijskog_dizajna.html | čl. 16",2026-10-06,POTVRĐENO,,Domaći podnosilac može podneti prijavu bez zastupnika.,3;6,false,
MZ-153,zastupanje,representation_agent,"Ako se prijava podnosi preko punomoćnika, prilaže se punomoćje (Metodologija: original punomoćja).",PRAVNI ZAHTEV,DOCUMENT,"Z-07 | Uredba o sadržini registra prijava i registra industrijskog dizajna… („Sl. glasnik RS"" 43/2010, 44/2018 – dr. zakon) | https://www.paragraf.rs/propisi/uredba_o_sadrzini_registra_prijava_i_registra_industrijskog_dizajna.html | čl. 8 tač. 2, čl. 9 tač. 3 || Z-04 | Obrazac D-1 — Zahtev za priznanje prava na industrijski dizajn | https://www.zis.gov.rs/wp-content/uploads/D-1-zahtev-za-priznanje-dizajn.docx | polje 2 || Z-08 | Metodologija postupanja ZIS-a u postupku za priznanje prava na industrijski dizajn (2012) | https://www.zis.gov.rs/wp-content/uploads/metodologija-dizajn-2012.pdf | str. 26",2026-10-06,POTVRĐENO,,Prilog ako se angažuje zastupnik.,8;10,false,
MZ-154,zastupanje,representation_agent,"Pre podnošenja prijavu proveriti kod registrovanog zastupnika, posebno zbog nepotvrđene novosti i rizika tehničke funkcije.",PREPORUKA,AGENT_INFERENCE,"Z-03 | ZIS — Registar zastupnika | https://www.zis.gov.rs/podrska/registar-zastupnika/ | Registar zastupnika || Z-06 | Zakon o pravnoj zaštiti industrijskog dizajna („Sl. glasnik RS"" 104/2009, 45/2015, 44/2018 – dr. zakon) | https://www.paragraf.rs/propisi/zakon_o_pravnoj_zastiti_industrijskog_dizajna.html | čl. 8",2026-10-06,POTVRĐENO,,Usklađeno sa odlukom podnosioca od 2026-10-05 i pravilima projekta; sistem nije zamena za zastupnika.,9;10,false,
MZ-160,pravo prvenstva,priority,Podnosilac uživa pravo prvenstva od datuma podnošenja prijave prema svima koji su za isti dizajn kasnije podneli prijavu.,PRAVNI ZAHTEV,DOCUMENT,"Z-06 | Zakon o pravnoj zaštiti industrijskog dizajna („Sl. glasnik RS"" 104/2009, 45/2015, 44/2018 – dr. zakon) | https://www.paragraf.rs/propisi/zakon_o_pravnoj_zastiti_industrijskog_dizajna.html | čl. 24 || Z-01 | ZIS — Industrijski dizajn (web stranica) | https://www.zis.gov.rs/prava/dizajn/ | „Podnošenje prijave""",2026-10-06,POTVRĐENO,,Brzo podnošenje štiti od kasnijih prijava trećih lica.,6,false,
MZ-161,pravo prvenstva,priority,"Konvencijsko pravo prvenstva: ako je za isti dizajn podneta uredna prijava u zemlji Pariske unije ili STO, prijava u Srbiji mora se podneti u roku od 6 meseci; u zahtevu se navode datum, broj i zemlja; overen prepis prve prijave dostavlja se u roku od 3 meseca od podnošenja u Srbiji.",PRAVNI ZAHTEV,DOCUMENT,"Z-06 | Zakon o pravnoj zaštiti industrijskog dizajna („Sl. glasnik RS"" 104/2009, 45/2015, 44/2018 – dr. zakon) | https://www.paragraf.rs/propisi/zakon_o_pravnoj_zastiti_industrijskog_dizajna.html | čl. 25 || Z-07 | Uredba o sadržini registra prijava i registra industrijskog dizajna… („Sl. glasnik RS"" 43/2010, 44/2018 – dr. zakon) | https://www.paragraf.rs/propisi/uredba_o_sadrzini_registra_prijava_i_registra_industrijskog_dizajna.html | čl. 8 tač. 6, čl. 9 tač. 4 || Z-04 | Obrazac D-1 — Zahtev za priznanje prava na industrijski dizajn | https://www.zis.gov.rs/wp-content/uploads/D-1-zahtev-za-priznanje-dizajn.docx | polje 7",2026-10-06,POTVRĐENO,,Samo ako postoji ranija prijava u inostranstvu (pitanje G).,3;6,false,
MZ-162,pravo prvenstva,priority,"Sajamsko pravo prvenstva: ako je dizajn izlagan na međunarodnom sajmu ili izložbi u roku od 3 meseca pre podnošenja, može se tražiti prvenstvo od dana prvog izlaganja; uz prijavu se dostavlja potvrda nadležnog organa (za sajam u Srbiji — Privredna komora Srbije).",PRAVNI ZAHTEV,DOCUMENT,"Z-06 | Zakon o pravnoj zaštiti industrijskog dizajna („Sl. glasnik RS"" 104/2009, 45/2015, 44/2018 – dr. zakon) | https://www.paragraf.rs/propisi/zakon_o_pravnoj_zastiti_industrijskog_dizajna.html | čl. 26 st. 1–3 || Z-07 | Uredba o sadržini registra prijava i registra industrijskog dizajna… („Sl. glasnik RS"" 43/2010, 44/2018 – dr. zakon) | https://www.paragraf.rs/propisi/uredba_o_sadrzini_registra_prijava_i_registra_industrijskog_dizajna.html | čl. 9 tač. 5 || Z-01 | ZIS — Industrijski dizajn (web stranica) | https://www.zis.gov.rs/prava/dizajn/ | „Podnošenje prijave""",2026-10-06,POTVRĐENO,,Samo ako je panel izlagan na sajmu (pitanje G).,3;6,false,
MZ-163,pravo prvenstva,priority,Sajamsko pravo prvenstva ne produžava rokove konvencijskog prvenstva.,PRAVNI ZAHTEV,DOCUMENT,"Z-06 | Zakon o pravnoj zaštiti industrijskog dizajna („Sl. glasnik RS"" 104/2009, 45/2015, 44/2018 – dr. zakon) | https://www.paragraf.rs/propisi/zakon_o_pravnoj_zastiti_industrijskog_dizajna.html | čl. 26 st. 4",2026-10-06,POTVRĐENO,,Rokovi se ne sabiraju.,6,false,
MZ-164,pravo prvenstva,priority,Na zahtev podnosioca uredne prijave ZIS izdaje uverenje o pravu prvenstva (za prijave u inostranstvu).,PRAVNI ZAHTEV,DOCUMENT,"Z-06 | Zakon o pravnoj zaštiti industrijskog dizajna („Sl. glasnik RS"" 104/2009, 45/2015, 44/2018 – dr. zakon) | https://www.paragraf.rs/propisi/zakon_o_pravnoj_zastiti_industrijskog_dizajna.html | čl. 25a || Z-07 | Uredba o sadržini registra prijava i registra industrijskog dizajna… („Sl. glasnik RS"" 43/2010, 44/2018 – dr. zakon) | https://www.paragraf.rs/propisi/uredba_o_sadrzini_registra_prijava_i_registra_industrijskog_dizajna.html | čl. 14–15",2026-10-06,POTVRĐENO,,Osnov za kasniju zaštitu u inostranstvu u roku od 6 meseci.,6,false,
NS-11,pravo prvenstva,priority,"NEUSKLAĐENOST — prevod prioritetnog dokumenta. Uputstvo str. 3 traži prepis prve prijave „sa overenim prevodom""; Zakon čl. 25 st. 3 i Uredba čl. 9 tač. 4 traže samo overen prepis.",ČINJENICA,ZIS,"Z-05 | Uputstvo „Sastavljanje i podnošenje prijave za priznanje prava na industrijski dizajn"" (2016, sa primerom BOCE) | https://www.zis.gov.rs/wp-content/uploads/uputstvo-novo-PDF.pdf | str. 3, tač. 7 || Z-06 | Zakon o pravnoj zaštiti industrijskog dizajna („Sl. glasnik RS"" 104/2009, 45/2015, 44/2018 – dr. zakon) | https://www.paragraf.rs/propisi/zakon_o_pravnoj_zastiti_industrijskog_dizajna.html | čl. 25 st. 3 || Z-07 | Uredba o sadržini registra prijava i registra industrijskog dizajna… („Sl. glasnik RS"" 43/2010, 44/2018 – dr. zakon) | https://www.paragraf.rs/propisi/uredba_o_sadrzini_registra_prijava_i_registra_industrijskog_dizajna.html | čl. 9 tač. 4",2026-10-06,NEPROVERENO – potrebno potvrditi sa ZIS-om ili registrovanim zastupnikom.,P-09,Relevantno samo ako se zatraži konvencijsko prvenstvo; potvrditi da li je prevod obavezan (P-09).,6,true,Zakon i Uredba.
MZ-170,novost i individualni karakter,novelty_individual_character,Industrijski dizajn se štiti ako je nov i ako ima individualni karakter.,PRAVNI ZAHTEV,DOCUMENT,"Z-06 | Zakon o pravnoj zaštiti industrijskog dizajna („Sl. glasnik RS"" 104/2009, 45/2015, 44/2018 – dr. zakon) | https://www.paragraf.rs/propisi/zakon_o_pravnoj_zastiti_industrijskog_dizajna.html | čl. 3 || Z-01 | ZIS — Industrijski dizajn (web stranica) | https://www.zis.gov.rs/prava/dizajn/ | „Koje uslove dizajn mora da ispuni""",2026-10-06,POTVRĐENO,,Dva materijalna uslova za panel.,4;5,false,
MZ-171,novost i individualni karakter,novelty_individual_character,Dizajn je nov ako identičan dizajn nije postao dostupan javnosti pre dana podnošenja ili priznatog prvenstva; dizajni su identični ako se razlikuju samo u nebitnim detaljima.,PRAVNI ZAHTEV,DOCUMENT,"Z-06 | Zakon o pravnoj zaštiti industrijskog dizajna („Sl. glasnik RS"" 104/2009, 45/2015, 44/2018 – dr. zakon) | https://www.paragraf.rs/propisi/zakon_o_pravnoj_zastiti_industrijskog_dizajna.html | čl. 4",2026-10-06,POTVRĐENO,,Svaka ranija javna pojava istog panela ugrožava novost.,3;5,false,
MZ-172,novost i individualni karakter,novelty_individual_character,Individualni karakter: ukupan utisak na informisanog korisnika razlikuje se od ukupnog utiska bilo kog ranije dostupnog dizajna; uzima se u obzir stepen slobode autora. Informisani korisnik je fizičko lice koje se redovno susreće sa tim tipom proizvoda.,PRAVNI ZAHTEV,DOCUMENT,"Z-06 | Zakon o pravnoj zaštiti industrijskog dizajna („Sl. glasnik RS"" 104/2009, 45/2015, 44/2018 – dr. zakon) | https://www.paragraf.rs/propisi/zakon_o_pravnoj_zastiti_industrijskog_dizajna.html | čl. 1 st. 2–3, čl. 5, čl. 41 st. 3",2026-10-06,POTVRĐENO,,"Kod panela je sloboda autora ograničena (pravougaoni format, spajanje) — razlika mora proisteći iz vizuelnih karakteristika.",4;5,false,
MZ-173,novost i individualni karakter,novelty_individual_character,"Dizajn je dostupan javnosti ako je objavljen, izlagan, korišćen u prometu ili na drugi način otkriven, osim ako specijalizovani poslovni krugovi u Srbiji nisu razumno mogli da saznaju za to; otkrivanje uz obavezu čuvanja tajnosti se ne računa.",PRAVNI ZAHTEV,DOCUMENT,"Z-06 | Zakon o pravnoj zaštiti industrijskog dizajna („Sl. glasnik RS"" 104/2009, 45/2015, 44/2018 – dr. zakon) | https://www.paragraf.rs/propisi/zakon_o_pravnoj_zastiti_industrijskog_dizajna.html | čl. 7 st. 1–2",2026-10-06,POTVRĐENO,,"Grupa G intervjua: sve ranije objave, uz podatak o poverljivosti (NDA).",3;5,false,
MZ-174,novost i individualni karakter,novelty_individual_character,"Otkrivanje od strane autora, njegovog pravnog sledbenika ili trećeg lica na osnovu njihove informacije ne uništava novost ako je od otkrivanja do podnošenja (ili prvenstva) proteklo manje od 12 meseci.",PRAVNI ZAHTEV,DOCUMENT,"Z-06 | Zakon o pravnoj zaštiti industrijskog dizajna („Sl. glasnik RS"" 104/2009, 45/2015, 44/2018 – dr. zakon) | https://www.paragraf.rs/propisi/zakon_o_pravnoj_zastiti_industrijskog_dizajna.html | čl. 7 st. 3 || Z-08 | Metodologija postupanja ZIS-a u postupku za priznanje prava na industrijski dizajn (2012) | https://www.zis.gov.rs/wp-content/uploads/metodologija-dizajn-2012.pdf | str. 7, 47",2026-10-06,POTVRĐENO,,"Ako je panel već javno prikazan, datum prve objave određuje krajnji rok za podnošenje (VISOK PRIORITET).",3;6,false,
MZ-175,novost i individualni karakter,novelty_individual_character,"Objava na internetu (sajt, društvene mreže, aplikacije, e-mail) može činiti dizajn dostupnim javnosti; lozinka ili plaćanje ne sprečavaju dostupnost; dokaz je odštampan primerak ili skrinšot sa jasnom slikom, datumom i URL-om, a prednost imaju arhivski servisi.",ČINJENICA,ZIS,"Z-08 | Izveštaj o praksi CP10 — objavljivanje dizajna na internetu (Aneks I Metodologije) | https://www.zis.gov.rs/wp-content/uploads/CP10-Disclosure-of-Designs-on-the-Internet_SR-IPORS-comments-EUIPO-min.pdf | str. 3–7, 18–21",2026-10-06,POTVRĐENO,,Podnosilac treba da sačuva dokaze o svim ranijim objavama (N-05).,3;5,false,
MZ-176,novost i individualni karakter,novelty_individual_character,ZIS po službenoj dužnosti ispituje novost i individualni karakter i pretražuje nacionalnu i međunarodnu (WIPO) bazu u istoj klasi i potklasi.,ČINJENICA,ZIS,"Z-08 | Metodologija postupanja ZIS-a u postupku za priznanje prava na industrijski dizajn (2012) | https://www.zis.gov.rs/wp-content/uploads/metodologija-dizajn-2012.pdf | str. 21, 41–42 || Z-01 | ZIS — Industrijski dizajn (web stranica) | https://www.zis.gov.rs/prava/dizajn/ | „Kako teče postupak ispitivanja""",2026-10-06,POTVRĐENO,,Sličan raniji dizajn u bazama može dovesti do odbijanja.,5,false,
MZ-177,novost i individualni karakter,novelty_individual_character,"Generični oblici (kupa, kocka, prizma, valjak, kvadrat…) bez drugih vizuelnih karakteristika (linija, kontura, boja, tekstura) su osnov za odbijanje.",ČINJENICA,ZIS,Z-08 | Metodologija postupanja ZIS-a u postupku za priznanje prava na industrijski dizajn (2012) | https://www.zis.gov.rs/wp-content/uploads/metodologija-dizajn-2012.pdf | str. 43–44,2026-10-06,POTVRĐENO,,"AI ZAKLJUČAK: pravougaona ploča je prizma — novost i individualni karakter moraju proisticati iz ivica, profila, proporcija, teksture ili boje.",4;8,false,
MZ-178,novost i individualni karakter,novelty_individual_character,Pre podnošenja može se tražiti rešerš ZIS-a (uz taksu); nacionalna baza dizajna je javno dostupna (e-reg.zis.gov.rs).,ČINJENICA,ZIS,"Z-01 | ZIS — Industrijski dizajn (web stranica) | https://www.zis.gov.rs/prava/dizajn/ | „Pre podnošenja prijave"" || Z-12 | ZIS — Baze podataka: Dizajn | https://www.zis.gov.rs/baze-podataka/dizajn/ | opis baze || Z-14 | ZIS — Primer zahteva za rešerš dizajna na osnovu prikaza (02-2025) | https://www.zis.gov.rs/wp-content/uploads/primer-resersa-dizajna-po-prikazu-proizvoda-02-2025.pdf | ceo dokument",2026-10-06,POTVRĐENO,,Osnov plana pretrage (sekcija L).,5,false,
NS-12,novost i individualni karakter,novelty_individual_character,"NEUSKLAĐENOST — test individualnog karaktera. Metodologija str. 45–46: dizajn ne ispunjava uslove ako je identičan ili se razlikuje u nebitnim detaljima, u istoj klasi/potklasi i uz verovatnoću zabune. Zakon čl. 5: ukupan utisak na informisanog korisnika, uz stepen slobode autora.",ČINJENICA,ZIS,"Z-08 | Metodologija postupanja ZIS-a u postupku za priznanje prava na industrijski dizajn (2012) | https://www.zis.gov.rs/wp-content/uploads/metodologija-dizajn-2012.pdf | str. 45–46 || Z-06 | Zakon o pravnoj zaštiti industrijskog dizajna („Sl. glasnik RS"" 104/2009, 45/2015, 44/2018 – dr. zakon) | https://www.paragraf.rs/propisi/zakon_o_pravnoj_zastiti_industrijskog_dizajna.html | čl. 5",2026-10-06,NEPROVERENO – potrebno potvrditi sa ZIS-om ili registrovanim zastupnikom.,,"U pretrazi i analizi koristiti zakonski test (ukupan utisak), uz svest da praksa ZIS-a može biti drugačija.",5;9,true,Zakon (čl. 5).
MZ-190,"isključenja (tehnička funkcija, must-fit, vidljivost)",exclusions,Industrijskim dizajnom ne može se zaštititi spoljašnji izgled proizvoda koji je isključivo određen tehničkom funkcijom proizvoda.,PRAVNI ZAHTEV,DOCUMENT,"Z-06 | Zakon o pravnoj zaštiti industrijskog dizajna („Sl. glasnik RS"" 104/2009, 45/2015, 44/2018 – dr. zakon) | https://www.paragraf.rs/propisi/zakon_o_pravnoj_zastiti_industrijskog_dizajna.html | čl. 8 st. 1 || Z-01 | ZIS — Industrijski dizajn (web stranica) | https://www.zis.gov.rs/prava/dizajn/ | „Šta sve treba da znate"" || Z-08 | Metodologija postupanja ZIS-a u postupku za priznanje prava na industrijski dizajn (2012) | https://www.zis.gov.rs/wp-content/uploads/metodologija-dizajn-2012.pdf | str. 7, 48",2026-10-06,POTVRĐENO,,Ključni rizik za profilisane/stepenaste ivice; klasifikacija karakteristika u fazi 4.,4;9,false,
MZ-191,"isključenja (tehnička funkcija, must-fit, vidljivost)",exclusions,"Ne može se zaštititi spoljašnji izgled koji mora biti reprodukovan u tačnom obliku i dimenzijama da bi proizvod mogao biti mehanički povezan sa drugim proizvodom, ili postavljen u, oko ili uz njega, tako da svaki obavlja svoju funkciju.",PRAVNI ZAHTEV,DOCUMENT,"Z-06 | Zakon o pravnoj zaštiti industrijskog dizajna („Sl. glasnik RS"" 104/2009, 45/2015, 44/2018 – dr. zakon) | https://www.paragraf.rs/propisi/zakon_o_pravnoj_zastiti_industrijskog_dizajna.html | čl. 8 st. 2 || Z-01 | ZIS — Industrijski dizajn (web stranica) | https://www.zis.gov.rs/prava/dizajn/ | „Šta sve treba da znate"" || Z-08 | Metodologija postupanja ZIS-a u postupku za priznanje prava na industrijski dizajn (2012) | https://www.zis.gov.rs/wp-content/uploads/metodologija-dizajn-2012.pdf | str. 7",2026-10-06,POTVRĐENO,,Direktno se odnosi na geometriju spoja panela.,4;9,false,
MZ-192,"isključenja (tehnička funkcija, must-fit, vidljivost)",exclusions,"Nezavisno od st. 2, uz uslove novosti i individualnog karaktera, štiti se dizajn koji omogućava višestruko sastavljanje ili povezivanje međusobno zamenjivih proizvoda u modularnom sistemu.",PRAVNI ZAHTEV,DOCUMENT,"Z-06 | Zakon o pravnoj zaštiti industrijskog dizajna („Sl. glasnik RS"" 104/2009, 45/2015, 44/2018 – dr. zakon) | https://www.paragraf.rs/propisi/zakon_o_pravnoj_zastiti_industrijskog_dizajna.html | čl. 8 st. 3 || Z-08 | Metodologija postupanja ZIS-a u postupku za priznanje prava na industrijski dizajn (2012) | https://www.zis.gov.rs/wp-content/uploads/metodologija-dizajn-2012.pdf | str. 7",2026-10-06,POTVRĐENO,P-10,Moguć osnov za zaštitu ivica ako su paneli zamenjivi modularni elementi — otvoreno pitanje (P-10).,4;6;9,false,
MZ-193,"isključenja (tehnička funkcija, must-fit, vidljivost)",exclusions,"Dizajn sastavnog dela složenog proizvoda smatra se novim i sa individualnim karakterom samo ako deo ostaje vidljiv tokom redovne upotrebe složenog proizvoda i ako vidljive karakteristike ispunjavaju uslove; redovna upotreba isključuje održavanje, servisiranje i popravke.",PRAVNI ZAHTEV,DOCUMENT,"Z-06 | Zakon o pravnoj zaštiti industrijskog dizajna („Sl. glasnik RS"" 104/2009, 45/2015, 44/2018 – dr. zakon) | https://www.paragraf.rs/propisi/zakon_o_pravnoj_zastiti_industrijskog_dizajna.html | čl. 6 || Z-08 | Metodologija postupanja ZIS-a u postupku za priznanje prava na industrijski dizajn (2012) | https://www.zis.gov.rs/wp-content/uploads/metodologija-dizajn-2012.pdf | str. 6, 46–47",2026-10-06,POTVRĐENO,P-11,"Ako je fasada „složeni proizvod"", delovi ivica skriveni posle ugradnje možda ne doprinose zaštiti (P-11).",3;4;9,false,
MZ-194,"isključenja (tehnička funkcija, must-fit, vidljivost)",exclusions,Proizvod uključuje i delove namenjene spajanju u složeni proizvod; složeni proizvod je sastavljen od više zamenjivih delova koji omogućavaju sastavljanje i rastavljanje.,PRAVNI ZAHTEV,DOCUMENT,"Z-06 | Zakon o pravnoj zaštiti industrijskog dizajna („Sl. glasnik RS"" 104/2009, 45/2015, 44/2018 – dr. zakon) | https://www.paragraf.rs/propisi/zakon_o_pravnoj_zastiti_industrijskog_dizajna.html | čl. 2 st. 2–3",2026-10-06,POTVRĐENO,,Definicije za procenu da li se čl. 6 primenjuje na panel.,4,false,
MZ-195,"isključenja (tehnička funkcija, must-fit, vidljivost)",exclusions,"Zaštita se ne odobrava ako: nije dizajn u smislu čl. 2; nisu ispunjeni uslovi čl. 3–8; podnosilac nema pravo; postoji sukob sa ranije zaštićenim dizajnom; koristi se tuđi prepoznatljiv znak; povređuje autorsko pravo ili prava industrijske svojine; sadrži grb, zastavu ili druge javne simbole bez odobrenja; protivno javnom poretku i moralu.",PRAVNI ZAHTEV,DOCUMENT,"Z-06 | Zakon o pravnoj zaštiti industrijskog dizajna („Sl. glasnik RS"" 104/2009, 45/2015, 44/2018 – dr. zakon) | https://www.paragraf.rs/propisi/zakon_o_pravnoj_zastiti_industrijskog_dizajna.html | čl. 8 st. 4, čl. 9 || Z-05 | Uputstvo „Sastavljanje i podnošenje prijave za priznanje prava na industrijski dizajn"" (2016, sa primerom BOCE) | https://www.zis.gov.rs/wp-content/uploads/uputstvo-novo-PDF.pdf | str. 10",2026-10-06,POTVRĐENO,,Kontrolna lista za fazu provere.,9,false,
MZ-196,"isključenja (tehnička funkcija, must-fit, vidljivost)",exclusions,"Do okončanja postupka, prijava za industrijski dizajn može se pretvoriti u prijavu patenta, odnosno malog patenta (Tar. br. 129).",PRAVNI ZAHTEV,DOCUMENT,"Z-06 | Zakon o pravnoj zaštiti industrijskog dizajna („Sl. glasnik RS"" 104/2009, 45/2015, 44/2018 – dr. zakon) | https://www.paragraf.rs/propisi/zakon_o_pravnoj_zastiti_industrijskog_dizajna.html | čl. 35 || Z-09 | ZIS — Takse, odeljak Industrijski dizajn | https://www.zis.gov.rs/prava/takse/ | Tar. br. 129 || Z-08 | Metodologija postupanja ZIS-a u postupku za priznanje prava na industrijski dizajn (2012) | https://www.zis.gov.rs/wp-content/uploads/metodologija-dizajn-2012.pdf | str. 23",2026-10-06,POTVRĐENO,,Poseban put za elemente koji su pretežno tehničko rešenje; ne meša se sa sadržajem prijave dizajna.,4;6,false,
MZ-197,"isključenja (tehnička funkcija, must-fit, vidljivost)",exclusions,"Metodologija ne daje kriterijume ni primere za spojne ivice, preklope ili profile za međusobno spajanje.",ČINJENICA,ZIS,"Z-08 | Metodologija postupanja ZIS-a u postupku za priznanje prava na industrijski dizajn (2012) | https://www.zis.gov.rs/wp-content/uploads/metodologija-dizajn-2012.pdf | str. 7, 48–49 (razmotreno; kriterijumi izostaju)",2026-10-06,NEPROVERENO – potrebno potvrditi sa ZIS-om ili registrovanim zastupnikom.,P-10,Kako ZIS tretira stepenaste spojne ivice mora se potvrditi (P-10); ne donositi zaključak bez potvrde.,4;9,false,
MZ-210,Lokarnska klasifikacija,locarno,"Klasa 25 „Building units and construction elements"": 25-01 (Building materials — „uključujući … panele""; pojmovi Wall panels, Insulating materials for building, Decorative panels for building, Cladding for building) i 25-02 (Prefabricated or pre-assembled building parts; pojam Insulated building panels).",ČINJENICA,WIPO,"Z-11 | WIPO — Lokarnska klasifikacija, klasa 25 (LOC 15 / LOC 16) | https://locpub.wipo.int/enfr/?class_number=25&lang=en&menulang=en&mode=flat&version=20250101 | klasa 25, potklase 25-01 i 25-02 (LOC 15 i LOC 16)",2026-10-06,NEPROVERENO – potrebno potvrditi sa ZIS-om ili registrovanim zastupnikom.,P-03,Kandidati potklase za panel: 25-01 ili 25-02 — izbor nije potvrđen (P-03); utiče na višestruku prijavu i na pretragu.,5;6,false,
MZ-211,Lokarnska klasifikacija,locarno,Klasu i potklasu određuje ispitivač na osnovu naziva i namene; primenjuje se poslednja važeća verzija Lokarnske klasifikacije; D-1 nema polje za klasu.,ČINJENICA,ZIS,"Z-08 | Metodologija postupanja ZIS-a u postupku za priznanje prava na industrijski dizajn (2012) | https://www.zis.gov.rs/wp-content/uploads/metodologija-dizajn-2012.pdf | str. 27, 38–39 || Z-04 | Obrazac D-1 — Zahtev za priznanje prava na industrijski dizajn | https://www.zis.gov.rs/wp-content/uploads/D-1-zahtev-za-priznanje-dizajn.docx | polja 1–10",2026-10-06,POTVRĐENO,,"Podnosilac ne upisuje klasu, ali naziv i namena u opisu treba da je jasno usmere.",8,false,
MZ-212,Lokarnska klasifikacija,locarno,LOC 15 je na snazi od 1. 1. 2025; LOC 16 stupa na snagu 1. 1. 2027; relevantni pojmovi klase 25 su isti u oba izdanja.,ČINJENICA,WIPO,"Z-11 | WIPO — Lokarnska klasifikacija, klasa 25 (LOC 15 / LOC 16) | https://locpub.wipo.int/enfr/?class_number=25&lang=en&menulang=en&mode=flat&version=20250101 | LOCPUB, verzije 20250101 i 20270101; vest WIPO o LOC 16",2026-10-06,POTVRĐENO,,Prijava podneta posle 1. 1. 2027. klasifikuje se po LOC 16.,5;6,false,
MZ-213,Lokarnska klasifikacija,locarno,Registar industrijskog dizajna i objava sadrže klasu Međunarodne klasifikacije.,PRAVNI ZAHTEV,DOCUMENT,"Z-06 | Zakon o pravnoj zaštiti industrijskog dizajna („Sl. glasnik RS"" 104/2009, 45/2015, 44/2018 – dr. zakon) | https://www.paragraf.rs/propisi/zakon_o_pravnoj_zastiti_industrijskog_dizajna.html | čl. 13 st. 6, čl. 38 st. 2",2026-10-06,POTVRĐENO,,Potklasa određuje i ko će naći panel u bazama.,5,false,
NS-13,Lokarnska klasifikacija,locarno,"NEUSKLAĐENOST — izdanje Lokarnske klasifikacije. ZIS stranica „Baze podataka — Dizajn"" upućuje na „Trinaesto izdanje""; WIPO: na snazi je LOC 15 (od 2025), LOC 16 od 2027; Metodologija: primenjuje se poslednja važeća verzija.",ČINJENICA,ZIS,"Z-12 | ZIS — Baze podataka: Dizajn | https://www.zis.gov.rs/baze-podataka/dizajn/ | odeljak „Klasifikacije"" || Z-11 | WIPO — Lokarnska klasifikacija, klasa 25 (LOC 15 / LOC 16) | https://locpub.wipo.int/enfr/?class_number=25&lang=en&menulang=en&mode=flat&version=20250101 | LOCPUB || Z-08 | Metodologija postupanja ZIS-a u postupku za priznanje prava na industrijski dizajn (2012) | https://www.zis.gov.rs/wp-content/uploads/metodologija-dizajn-2012.pdf | str. 38",2026-10-06,POTVRĐENO,,Za pretragu i klasifikaciju koristiti aktuelno WIPO izdanje.,5,true,"WIPO (aktuelno izdanje), u skladu sa Metodologijom str. 38."
